,id,lemma
0,0,спортсмен
1,1,остальной
2,2,образец
3,3,дубасить
4,4,чаёвничать
5,5,потчевать
6,6,скрежетание
7,7,регулярный
8,8,ван
9,9,хулио
10,10,впросак
11,11,дастархан
12,12,пинать
13,13,лыблять
14,14,ран
15,15,перестать
16,16,шептать
17,17,марсианка
18,18,мера
19,19,насыпать
20,20,фас
21,21,грубо
22,22,себя
23,23,дартаньян
24,24,луна
25,25,свобода
26,26,вступать
27,27,хоть
28,28,шик
29,29,нестись
30,30,мудрый
31,31,воскресение
32,32,захотеться
33,33,мгу
34,34,клеить
35,35,пах
36,36,приём
37,37,старушка
38,38,капля
39,39,роман
40,40,аhb
41,41,ампир
42,42,издата
43,43,посватать
44,44,вацца
45,45,полис
46,46,кофейный
47,47,бы
48,48,взирать
49,49,святой
50,50,мол
51,51,улан
52,52,босс
53,53,пила
54,54,насилие
55,55,вот
56,56,скворец
57,57,главнокомандовать
58,58,ужинать
59,59,порядок
60,60,нибыть
61,61,протянуть
62,62,буква
63,63,баржа
64,64,сарказм
65,65,приземлиться
66,66,йа
67,67,клиентка
68,68,орган
69,69,поц
70,70,японец
71,71,би
72,72,&
73,73,соскат
74,74,троить
75,75,горстьмить
76,76,прицепиться
77,77,взрыв
78,78,укрепрайон
79,79,ах
80,80,сексуальный
81,81,сместить
82,82,баба
83,83,небесный
84,84,музыка
85,85,пианино
86,86,сбруя
87,87,прочий
88,88,помысел
89,89,кавать
90,90,достоинство
91,91,новенький
92,92,длина
93,93,тик
94,94,реалистично
95,95,эмиль
96,96,х
97,97,потравить
98,98,грести
99,99,вклемать
100,100,скал
101,101,скончаться
102,102,затея
103,103,совать
104,104,крыльцо
105,105,крестьянин
106,106,воля
107,107,татьяна
108,108,успеть
109,109,недостаток
110,110,каблук
111,111,целый
112,112,хан
113,113,почить
114,114,сто
115,115,крыса
116,116,румб
117,117,велотренажор
118,118,натыкаться
119,119,потянуть
120,120,наперёд
121,121,категорично
122,122,контракт
123,123,малый
124,124,ме
125,125,кормить
126,126,забыть
127,127,грю
128,128,терь
129,129,пастушка
130,130,зреть
131,131,биография
132,132,спортзал
133,133,пинцет
134,134,ветрило
135,135,ищи
136,136,царь
137,137,гуща
138,138,эцилопа
139,139,фламбэ
140,140,сбыть
141,141,учёный
142,142,пусть
143,143,спасение
144,144,кафетерий
145,145,хлебать
146,146,огромный
147,147,рэп
148,148,связать
149,149,надпись
150,150,мент
151,151,земля
152,152,минчанин
153,153,йоко
154,154,найти
155,155,реветь
156,156,китч
157,157,повториться
158,158,табличка
159,159,безнадёжно
160,160,отвернуться
161,161,виагра
162,162,онегин
163,163,окольцовывать
164,164,навсегда
165,165,знец
166,166,комплект
167,167,помещение
168,168,наречь
169,169,шкала
170,170,человеконенавистник
171,171,растрогать
172,172,борщ
173,173,варить
174,174,минать
175,175,лук
176,176,дух
177,177,какой
178,178,достать
179,179,весь
180,180,свести
181,181,парикмахерский
182,182,или
183,183,муж
184,184,придушить
185,185,оскудеть
186,186,стрипня
187,187,февраль
188,188,предпоследний
189,189,шаха
190,190,данте
191,191,беж
192,192,нота
193,193,уебубль
194,194,мать
195,195,туманный
196,196,матч
197,197,шипеть
198,198,комитет
199,199,отрыв
200,200,привести
201,201,малярийный
202,202,от
203,203,доить
204,204,абсент
205,205,приспособить
206,206,липкий
207,207,свой
208,208,собственноротный
209,209,устать
210,210,лубяной
211,211,непредсказуемый
212,212,катерина
213,213,закопание
214,214,достопочтенный
215,215,перспективный
216,216,бродяга
217,217,заглядывать
218,218,немать
219,219,паскуда
220,220,божественный
221,221,нынче
222,222,периодически
223,223,францевич
224,224,имущество
225,225,большинство
226,226,закрасить
227,227,золя
228,228,дракон
229,229,кружевной
230,230,согражданин
231,231,подборочка
232,232,макар
233,233,бесповоротно
234,234,кролик
235,235,терпеть
236,236,склянка
237,237,мох
238,238,новогвинейский
239,239,нонконформист
240,240,саркастичность
241,241,причём
242,242,чен
243,243,влюбить
244,244,неокупаемый
245,245,ольга
246,246,урок
247,247,изумиться
248,248,зарядить
249,249,так
250,250,следом
251,251,мирок
252,252,девонширский
253,253,часовой
254,254,млн
255,255,инфекция
256,256,михаилович
257,257,кашне
258,258,кентавр
259,259,курящий
260,260,копать
261,261,по
262,262,примерить
263,263,шагать
264,264,ножка
265,265,позорный
266,266,пронестись
267,267,ву
268,268,остановка
269,269,девчонка
270,270,входить
271,271,раззадорить
272,272,метла
273,273,верещагин
274,274,четырь
275,275,визжать
276,276,наглядно
277,277,рогий
278,278,зачёт
279,279,переполох
280,280,приноровиться
281,281,шататься
282,282,альт
283,283,брюс
284,284,жёлудь
285,285,скажем
286,286,валторна
287,287,отцовский
288,288,отелло
289,289,мормышка
290,290,шапка
291,291,окаянный
292,292,тощий
293,293,наи
294,294,ухогорлонос
295,295,дедка
296,296,знакомый
297,297,пожиратель
298,298,хотя
299,299,под
300,300,наоборот
301,301,пётр
302,302,жрица
303,303,лодка
304,304,мэр
305,305,запеть
306,306,сорвать
307,307,горький
308,308,пример
309,309,принцесса
310,310,воодуша
311,311,талант
312,312,заволноваться
313,313,признать
314,314,толстой
315,315,г
316,316,лесополоса
317,317,разрисовать
318,318,доход
319,319,барсук
320,320,омлет
321,321,гигантоман
322,322,пешком
323,323,флюид
324,324,головной
325,325,волна
326,326,отсутствие
327,327,отнюдь
328,328,начинающий
329,329,бемоль
330,330,тайком
331,331,оплатить
332,332,прекрасноравнодушный
333,333,шопинг
334,334,закрывать
335,335,отель
336,336,мда
337,337,обещать
338,338,прекрасный
339,339,искренний
340,340,документообый
341,341,аксолотль
342,342,нерукотворный
343,343,си
344,344,разбитый
345,345,кисть
346,346,рубить
347,347,открытый
348,348,зверь
349,349,сталик
350,350,джодить
351,351,проникновенно
352,352,жрать
353,353,припомь
354,354,солдатик
355,355,фродить
356,356,троиться
357,357,шаркать
358,358,команда
359,359,полковник
360,360,иной
361,361,зависимость
362,362,разбежаться
363,363,подходить
364,364,чтец
365,365,атлант
366,366,речь
367,367,пятиконечный
368,368,крепкий
369,369,бой
370,370,лавочка
371,371,исчезнуть
372,372,пермь
373,373,горло
374,374,цезарь
375,375,кричать
376,376,стащить
377,377,опять
378,378,повязывать
379,379,побриться
380,380,сватовство
381,381,опечатка
382,382,как
383,383,тыква
384,384,карман
385,385,алеш
386,386,общаться
387,387,улёз
388,388,зил
389,389,подключать
390,390,кахи
391,391,натереть
392,392,беречь
393,393,груздь
394,394,чавкать
395,395,согласиться
396,396,гречневый
397,397,пантограф
398,398,резной
399,399,ягуар
400,400,шепнуть
401,401,важный
402,402,двое
403,403,телефрага
404,404,борт
405,405,шар
406,406,бешеный
407,407,духота
408,408,близкий
409,409,единоутробный
410,410,изображать
411,411,четыре
412,412,мцыри
413,413,артём
414,414,один
415,415,правосудие
416,416,поутру
417,417,незаметно
418,418,похмелиться
419,419,переспросить
420,420,ничто
421,421,княжна
422,422,тубить
423,423,одинокий
424,424,гот
425,425,кураж
426,426,воткнуть
427,427,двадцать
428,428,перина
429,429,серенада
430,430,ир
431,431,триумфально
432,432,оса
433,433,оживлённый
434,434,девичий
435,435,обаятельный
436,436,притесон
437,437,жест
438,438,сильно
439,439,тогда
440,440,проглотить
441,441,уставиться
442,442,манный
443,443,грудка
444,444,фатима
445,445,неудивительный
446,446,освоить
447,447,лоток
448,448,толк
449,449,теперь
450,450,лубрик
451,451,ломать
452,452,письмо
453,453,закопать
454,454,ник
455,455,ехать
456,456,обэхаэс
457,457,высоконравственность
458,458,вероломно
459,459,япония
460,460,отделиться
461,461,ртёма
462,462,глядеть
463,463,сыктывкар
464,464,попрошайка
465,465,ташкент
466,466,страдать
467,467,элегия
468,468,кяк-тё
469,469,подставить
470,470,восход
471,471,питаться
472,472,погасить
473,473,опрос
474,474,пришить
475,475,зала
476,476,мысль
477,477,сейфуля
478,478,обыкновенный
479,479,инвалид
480,480,язык
481,481,мороженое
482,482,забеспокоиться
483,483,физика
484,484,передохнуть
485,485,калека
486,486,законный
487,487,ключик
488,488,растерзать
489,489,разнообразный
490,490,едва
491,491,ляр
492,492,спать
493,493,машинист
494,494,малина
495,495,чуять
496,496,публично
497,497,куд
498,498,повыпускать
499,499,писатель
500,500,нажать
501,501,зависть
502,502,палец
503,503,закусь
504,504,корябой
505,505,сырец
506,506,дупло
507,507,разучивать
508,508,помнить
509,509,водиться
510,510,хвост
511,511,юбилей
512,512,спа-слон
513,513,сутки
514,514,ненависть
515,515,рябина
516,516,доплюнуть
517,517,прошлое
518,518,махач
519,519,смеяться
520,520,апогей
521,521,прозрачный
522,522,бросать
523,523,невидимка
524,524,похвалить
525,525,переложить
526,526,двойной
527,527,барабек
528,528,пожий
529,529,поговорить
530,530,аркадий
531,531,бормашина
532,532,переводчик
533,533,сосед
534,534,кляп
535,535,надеть
536,536,воздушный
537,537,кушать
538,538,лицей
539,539,бормотать
540,540,маца
541,541,ленский
542,542,тренировка
543,543,равнодушно
544,544,славянин
545,545,слышать
546,546,крипот
547,547,дебют
548,548,геять
549,549,везти
550,550,ворон
551,551,получить
552,552,предок
553,553,алкоголизм
554,554,плед
555,555,танец
556,556,огонёк
557,557,стр
558,558,выпасть
559,559,четверг
560,560,сговариваться
561,561,мум
562,562,тире
563,563,политрук
564,564,анатомический
565,565,почтительно
566,566,здоровый
567,567,тырь
568,568,пресс
569,569,турист
570,570,общеизвестно
571,571,подошва
572,572,двойник
573,573,кухня
574,574,космодром
575,575,гуашь
576,576,звонок
577,577,жюри
578,578,пиццерия
579,579,шотакович
580,580,представиться
581,581,они
582,582,мышлен
583,583,вызвать
584,584,лыко
585,585,упиться
586,586,мишлен
587,587,несушка
588,588,выживание
589,589,краш
590,590,враг
591,591,ейный
592,592,космический
593,593,масон
594,594,оное
595,595,чекист
596,596,автор
597,597,спальня
598,598,потратить
599,599,штопор
600,600,доха
601,601,нарваться
602,602,еметь
603,603,полиграфо
604,604,медок
605,605,топорок
606,606,заморозить
607,607,бутик
608,608,раскалить
609,609,кодекс
610,610,гей
611,611,тревога
612,612,малость
613,613,удержать
614,614,грабёж
615,615,масть
616,616,брус
617,617,сом
618,618,река
619,619,книжный
620,620,щадить
621,621,долго
622,622,концерт
623,623,поразмяться
624,624,смола
625,625,авианосец
626,626,злодей
627,627,чутьчуть
628,628,размахивать
629,629,аделаида
630,630,очарование
631,631,впору
632,632,близ
633,633,небо
634,634,приоткрывать
635,635,известный
636,636,скотч
637,637,водяра
638,638,маяться
639,639,пахнуть
640,640,минь
641,641,титул
642,642,переставать
643,643,небритый
644,644,чей
645,645,рабочий
646,646,чувствительно
647,647,яга
648,648,ще
649,649,проём
650,650,про
651,651,валиться
652,652,поперёк
653,653,репа
654,654,потребоваться
655,655,прыжок
656,656,петруха
657,657,мечтать
658,658,впотьмах
659,659,внутри
660,660,сразу
661,661,прибой
662,662,мистер
663,663,тиф
664,664,сонет
665,665,прищур
666,666,записка
667,667,дверь
668,668,распахнуть
669,669,мышь
670,670,деревня
671,671,кювета
672,672,адмирал
673,673,гнилой
674,674,исход
675,675,учить
676,676,культура
677,677,тара
678,678,икона
679,679,николай
680,680,выстрадать
681,681,гнуться
682,682,пожитки
683,683,беспрекословный
684,684,триста
685,685,попадаться
686,686,проветрить
687,687,заказать
688,688,двоюродный
689,689,менделеев
690,690,запустить
691,691,шпион
692,692,рисунок
693,693,певец
694,694,стиснуть
695,695,кирный
696,696,среди
697,697,лень
698,698,старинна
699,699,таможня
700,700,тяжёлый
701,701,повесить
702,702,принц
703,703,накара
704,704,хутор
705,705,беломор
706,706,москва
707,707,изолятор
708,708,машина
709,709,чат
710,710,скидка
711,711,читаемый
712,712,готовый
713,713,паркет
714,714,вяж
715,715,ида
716,716,джазуй
717,717,девонька
718,718,вскотать
719,719,село
720,720,официант
721,721,ведёрко
722,722,икра
723,723,сколько
724,724,баллон
725,725,выдавать
726,726,вступить
727,727,казан
728,728,кладбище
729,729,голливуд
730,730,осенний
731,731,нетов
732,732,настырник
733,733,перепродать
734,734,любовно
735,735,косовороть
736,736,поверьте
737,737,схватить
738,738,кси
739,739,заныть
740,740,жевать
741,741,кофр
742,742,люля
743,743,дышать
744,744,вич
745,745,хором
746,746,хавбек
747,747,геркулес
748,748,крик
749,749,больной
750,750,геймер
751,751,пуд
752,752,гог
753,753,вау
754,754,набрасывать
755,755,рузанна
756,756,ренессанс
757,757,добро
758,758,коронный
759,759,щека
760,760,орноттубить
761,761,брно
762,762,боа
763,763,навеселе
764,764,ващий
765,765,двор
766,766,жениться
767,767,пе
768,768,населять
769,769,жалеть
770,770,восьмидесятый
771,771,отвалиться
772,772,постараться
773,773,пенить
774,774,приглядеться
775,775,заливный
776,776,родя
777,777,если
778,778,увлечься
779,779,ткуда
780,780,сало
781,781,объяснять
782,782,отъ
783,783,шарап
784,784,вырваться
785,785,нильс
786,786,ладонь
787,787,пилот
788,788,балерина
789,789,дву
790,790,короче
791,791,ростим
792,792,лукашенко
793,793,рпичь
794,794,бальзам
795,795,госра
796,796,щука
797,797,снести
798,798,далее
799,799,дева
800,800,сцена
801,801,скарификация
802,802,сбивать
803,803,надёжный
804,804,есть
805,805,подождь
806,806,лгать
807,807,герберт
808,808,блинница
809,809,добуриться
810,810,паче
811,811,квота
812,812,укоризна
813,813,привозить
814,814,бонс
815,815,бар
816,816,заочно
817,817,добрый
818,818,застрять
819,819,пигмей
820,820,степень
821,821,грибок
822,822,врать
823,823,ансамбыль
824,824,солнце
825,825,судоремонтный
826,826,мозг
827,827,коробочка
828,828,сухопутный
829,829,приспособление
830,830,запрет
831,831,мешать
832,832,например
833,833,сомнение
834,834,тысяча
835,835,стибрить
836,836,предоставить
837,837,отерять
838,838,роза
839,839,форшмак
840,840,дружный
841,841,связь
842,842,моча
843,843,аркадия
844,844,штаб
845,845,лезвие
846,846,ни
847,847,врабо
848,848,рубль
849,849,носка
850,850,скрытый
851,851,фанера
852,852,остаться
853,853,жеребец
854,854,экскурсия
855,855,минимум
856,856,район
857,857,всяк
858,858,осуществлять
859,859,весьма
860,860,филипс
861,861,платочек
862,862,клаз
863,863,свекровь
864,864,тарелка
865,865,тварь
866,866,угрюмый
867,867,око
868,868,спиваться
869,869,берег
870,870,кукаре
871,871,пузыриться
872,872,кальнуть
873,873,брага
874,874,небольшой
875,875,интересно
876,876,продавать
877,877,михаил
878,878,встать
879,879,режим
880,880,разбить
881,881,плынь
882,882,стишок
883,883,т-т-т-т-т-т-т-т-т-т-т-т-т-т-т-т-т-т-т
884,884,надвинуться
885,885,взор
886,886,ор
887,887,мелкий
888,888,лэп
889,889,гибель
890,890,океан
891,891,ухань
892,892,связка
893,893,гуськом
894,894,старинный
895,895,найден
896,896,ромаленький
897,897,тишь
898,898,сдюшоры
899,899,называться
900,900,изпод
901,901,когонибудь
902,902,пальто
903,903,трезвый
904,904,товарищ
905,905,должный
906,906,посол
907,907,мочь
908,908,нырять
909,909,успевать
910,910,придумать
911,911,отвесть
912,912,бровь
913,913,кандалакша
914,914,отом
915,915,error
916,916,трижды
917,917,шестипасть
918,918,вельмить
919,919,мочалка
920,920,микроб
921,921,топать
922,922,покрой
923,923,уезд
924,924,спуститься
925,925,присниться
926,926,впасть
927,927,класть
928,928,нахмуриться
929,929,жон
930,930,отбойный
931,931,телефон
932,932,отчаянный
933,933,участь
934,934,внизу
935,935,супруг
936,936,еда
937,937,мангал
938,938,пляж
939,939,деться
940,940,припо
941,941,дубровский
942,942,фостер
943,943,взамен
944,944,топ
945,945,группа
946,946,потрясти
947,947,бульвар
948,948,уходить
949,949,голеностоп
950,950,закатиться
951,951,отмахнуться
952,952,мыло
953,953,почилить
954,954,маг
955,955,пустячный
956,956,имре
957,957,набрато
958,958,предать
959,959,ситром
960,960,финансово
961,961,стеклянный
962,962,получиться
963,963,раздеться
964,964,мобила
965,965,ребята
966,966,стивен
967,967,приказать
968,968,—
969,969,родитель
970,970,бремя
971,971,снилс
972,972,трико
973,973,which
974,974,стерить
975,975,двера
976,976,общага
977,977,неужто
978,978,урюк
979,979,характерный
980,980,гость
981,981,чулок
982,982,контроль
983,983,дыра
984,984,побыть
985,985,существование
986,986,эмвээфа
987,987,звонить
988,988,милдронат
989,989,пятачок
990,990,найтись
991,991,путать
992,992,пеньюар
993,993,прибрежный
994,994,растерзание
995,995,ктонибыть
996,996,нескафе
997,997,простор
998,998,камбэк
999,999,нарочно
1000,1000,отвыкнуть
1001,1001,zara
1002,1002,ямский
1003,1003,тверёзый
1004,1004,пастила
1005,1005,плита
1006,1006,этот
1007,1007,погадать
1008,1008,багряный
1009,1009,глазок
1010,1010,башка
1011,1011,оджибуэй
1012,1012,ретироваться
1013,1013,ум
1014,1014,после
1015,1015,кароч
1016,1016,моршанский
1017,1017,созвать
1018,1018,минутка
1019,1019,г-н
1020,1020,анаграмма
1021,1021,опостылеть
1022,1022,съести
1023,1023,астахов
1024,1024,гда
1025,1025,добрыня
1026,1026,голубец
1027,1027,который
1028,1028,...
1029,1029,кокетничать
1030,1030,стакан
1031,1031,памятник
1032,1032,ктонить
1033,1033,пантелеймон
1034,1034,крыло
1035,1035,босё
1036,1036,ночь
1037,1037,скотина
1038,1038,намекать
1039,1039,погода
1040,1040,отсек
1041,1041,оба
1042,1042,явиться
1043,1043,кибернытик
1044,1044,кью
1045,1045,матадор
1046,1046,мандеть
1047,1047,пахать
1048,1048,ли
1049,1049,спросить
1050,1050,вмешаться
1051,1051,янтарный
1052,1052,ликёроводочный
1053,1053,пустырь
1054,1054,тушить
1055,1055,порой
1056,1056,номерок
1057,1057,яркий
1058,1058,полпути
1059,1059,куб
1060,1060,урал
1061,1061,text
1062,1062,втринадец
1063,1063,горизонт
1064,1064,валенок
1065,1065,барышня
1066,1066,ннета
1067,1067,эль
1068,1068,вне
1069,1069,отдел
1070,1070,срывать
1071,1071,сесть
1072,1072,заны
1073,1073,въесться
1074,1074,милок
1075,1075,совесть
1076,1076,постит
1077,1077,резать
1078,1078,приход
1079,1079,образ
1080,1080,дирать
1081,1081,получортзный
1082,1082,конкурс
1083,1083,городище
1084,1084,марафон
1085,1085,француз
1086,1086,иннокентий
1087,1087,силлаботь
1088,1088,помножить
1089,1089,блядь
1090,1090,возмущать
1091,1091,проходить
1092,1092,ламборджинить
1093,1093,молоток
1094,1094,подушка
1095,1095,чертёж
1096,1096,встретить
1097,1097,читальный
1098,1098,ждать
1099,1099,траволта
1100,1100,чойт
1101,1101,кличко
1102,1102,позвать
1103,1103,сергей
1104,1104,отнекиваться
1105,1105,вполне
1106,1106,обязательно
1107,1107,благоухать
1108,1108,коль
1109,1109,музей
1110,1110,утварь
1111,1111,мальчик
1112,1112,буба
1113,1113,пятьмить
1114,1114,насекомое
1115,1115,бывало
1116,1116,взад
1117,1117,кофе
1118,1118,го
1119,1119,кило
1120,1120,улыбаться
1121,1121,мадам
1122,1122,тяготеть
1123,1123,рубашка
1124,1124,слишком
1125,1125,лев
1126,1126,взглянуть
1127,1127,век
1128,1128,коля
1129,1129,философ
1130,1130,красавец
1131,1131,фильм
1132,1132,подспудно
1133,1133,посошок
1134,1134,семён
1135,1135,воронежский
1136,1136,поёша
1137,1137,клонить
1138,1138,мансийск
1139,1139,скучно
1140,1140,иппотечь
1141,1141,карать
1142,1142,покидать
1143,1143,прикармливать
1144,1144,кола
1145,1145,вождь
1146,1146,расти
1147,1147,чтотоподсказатьва
1148,1148,украсть
1149,1149,резинка
1150,1150,иначе
1151,1151,пасть
1152,1152,коньяк
1153,1153,окуесть
1154,1154,четверть
1155,1155,плевок
1156,1156,покос
1157,1157,штирлиц
1158,1158,туман
1159,1159,даниэль
1160,1160,намалевать
1161,1161,мелькать
1162,1162,сознание
1163,1163,подмигнуть
1164,1164,бутырский
1165,1165,нарком
1166,1166,сжидить
1167,1167,гнездо
1168,1168,вилять
1169,1169,энтереть
1170,1170,отбросить
1171,1171,услышать
1172,1172,брск
1173,1173,п
1174,1174,кустарь
1175,1175,водопад
1176,1176,улитка
1177,1177,полконтейнер
1178,1178,наружу
1179,1179,баобабий
1180,1180,фат
1181,1181,покой
1182,1182,волосатый
1183,1183,двуколка
1184,1184,массаж
1185,1185,ворчать
1186,1186,антонина
1187,1187,коллектор
1188,1188,духовный
1189,1189,подключить
1190,1190,рыдать
1191,1191,весло
1192,1192,старость
1193,1193,сосредоточиться
1194,1194,пятёрка
1195,1195,неизвестный
1196,1196,мотнуть
1197,1197,густой
1198,1198,когда
1199,1199,зелёный
1200,1200,досрочно
1201,1201,дама
1202,1202,терять
1203,1203,бить
1204,1204,воскликнуть
1205,1205,квинс
1206,1206,ряд
1207,1207,впи
1208,1208,побеждать
1209,1209,повышенный
1210,1210,навалиться
1211,1211,нра
1212,1212,потом
1213,1213,цифра
1214,1214,сосать
1215,1215,коми
1216,1216,гуманизм
1217,1217,фриз
1218,1218,мамочка
1219,1219,довести
1220,1220,храбрый
1221,1221,лошадь
1222,1222,поплевать
1223,1223,эрекция
1224,1224,чело
1225,1225,словить
1226,1226,спектакылить
1227,1227,о
1228,1228,клянтать
1229,1229,рагацца
1230,1230,иго
1231,1231,уверенно
1232,1232,проезд
1233,1233,напод
1234,1234,пожелать
1235,1235,бес
1236,1236,карло
1237,1237,литературный
1238,1238,трамвай
1239,1239,версьмить
1240,1240,тёплый
1241,1241,блестящий
1242,1242,начать
1243,1243,зацепиться
1244,1244,теракт
1245,1245,вапщета
1246,1246,отпрянуть
1247,1247,повторить
1248,1248,напхать
1249,1249,флакон
1250,1250,офелия
1251,1251,сходить
1252,1252,зуб
1253,1253,гомес
1254,1254,курятина
1255,1255,отчалить
1256,1256,перестройка
1257,1257,гитара
1258,1258,дядя
1259,1259,заинтересоваться
1260,1260,нонкий
1261,1261,узда
1262,1262,урочище
1263,1263,идти
1264,1264,открыто
1265,1265,нанять
1266,1266,шторм
1267,1267,бухать
1268,1268,браток
1269,1269,вернуться
1270,1270,вратарь
1271,1271,сугроб
1272,1272,объесться
1273,1273,слава
1274,1274,предсказать
1275,1275,геленджик
1276,1276,подняться
1277,1277,крикнуть
1278,1278,бесшумно
1279,1279,зимний
1280,1280,радзивилл
1281,1281,счастливый
1282,1282,послушать
1283,1283,луи
1284,1284,шмелёв
1285,1285,отходить
1286,1286,сыпать
1287,1287,система
1288,1288,мелок
1289,1289,остаток
1290,1290,шлив
1291,1291,толмач
1292,1292,смычок
1293,1293,колобколёт
1294,1294,нянька
1295,1295,испортить
1296,1296,седой
1297,1297,синь
1298,1298,зеленеть
1299,1299,ампер
1300,1300,угол
1301,1301,скамейка
1302,1302,чтоть
1303,1303,пускать
1304,1304,биться
1305,1305,пообещать
1306,1306,ввергнуть
1307,1307,филе
1308,1308,кармин
1309,1309,снаряд
1310,1310,общак
1311,1311,торговать
1312,1312,таз
1313,1313,мамка
1314,1314,ателье
1315,1315,увядать
1316,1316,уточнять
1317,1317,кот
1318,1318,who
1319,1319,н
1320,1320,риц
1321,1321,бе
1322,1322,аист
1323,1323,избить
1324,1324,извилистый
1325,1325,рожь
1326,1326,трофоб
1327,1327,осень
1328,1328,бокс
1329,1329,орать
1330,1330,граф
1331,1331,ого
1332,1332,погружаться
1333,1333,технология
1334,1334,сломать
1335,1335,проблема
1336,1336,стремглав
1337,1337,путешествие
1338,1338,водить
1339,1339,съезд
1340,1340,нырня
1341,1341,вежда
1342,1342,взлетать
1343,1343,да
1344,1344,курильский
1345,1345,буря
1346,1346,пачкать
1347,1347,продать
1348,1348,престол
1349,1349,балл
1350,1350,маленький
1351,1351,этикет
1352,1352,плетьмить
1353,1353,спор
1354,1354,ассамблея
1355,1355,обрезать
1356,1356,полузащитник
1357,1357,снегурочка
1358,1358,кеб
1359,1359,благостно
1360,1360,жалоба
1361,1361,пидидеть
1362,1362,грузчик
1363,1363,оплести
1364,1364,агу
1365,1365,заискрить
1366,1366,кофорить
1367,1367,здоровье
1368,1368,верхом
1369,1369,телёнок
1370,1370,пленный
1371,1371,це
1372,1372,винчи
1373,1373,внаружить
1374,1374,бог
1375,1375,веселие
1376,1376,ть
1377,1377,эвон
1378,1378,экстренный
1379,1379,пеший
1380,1380,курильщик
1381,1381,разжыжиться
1382,1382,цыган
1383,1383,суслик
1384,1384,учотом
1385,1385,буквально
1386,1386,прораб
1387,1387,гана
1388,1388,грязь
1389,1389,расстега
1390,1390,непростой
1391,1391,зульцфельдерштрасса
1392,1392,поналовиться
1393,1393,определиться
1394,1394,рутинный
1395,1395,торжественно
1396,1396,парковый
1397,1397,греция
1398,1398,беспечный
1399,1399,сука
1400,1400,полно
1401,1401,дыбиться
1402,1402,сигурня
1403,1403,леонардо
1404,1404,прописать
1405,1405,мучить
1406,1406,жабо
1407,1407,николаевич
1408,1408,трясти
1409,1409,талон
1410,1410,вдыхать
1411,1411,бабульк
1412,1412,рейс
1413,1413,кафель
1414,1414,глупый
1415,1415,страшный
1416,1416,пылать
1417,1417,рассчита
1418,1418,полустанок
1419,1419,сту
1420,1420,кокос
1421,1421,малин
1422,1422,что-нибудь
1423,1423,сотня
1424,1424,испуг
1425,1425,сэлтик
1426,1426,хороший
1427,1427,безлюдно
1428,1428,лошадка
1429,1429,пить
1430,1430,лебёдушка
1431,1431,залпом
1432,1432,хара
1433,1433,девицын
1434,1434,шумный
1435,1435,лимпопо
1436,1436,волчар
1437,1437,лондонец
1438,1438,догнать
1439,1439,спиртное
1440,1440,сила
1441,1441,футляр
1442,1442,иссякнуть
1443,1443,ночовка
1444,1444,клейстерс
1445,1445,видать
1446,1446,блок
1447,1447,голодный
1448,1448,булька
1449,1449,белок
1450,1450,ткнуть
1451,1451,распахивать
1452,1452,ля
1453,1453,паралич
1454,1454,пятьсот
1455,1455,захоронять
1456,1456,инверсия
1457,1457,молвить
1458,1458,откровенно
1459,1459,стройка
1460,1460,суета
1461,1461,чудовище
1462,1462,брать
1463,1463,уэллс
1464,1464,заправский
1465,1465,сирень
1466,1466,примечательно
1467,1467,бурлацкий
1468,1468,таро
1469,1469,чил
1470,1470,алфавит
1471,1471,нужный
1472,1472,наконец
1473,1473,снежок
1474,1474,миледи
1475,1475,соска
1476,1476,племянник
1477,1477,круглый
1478,1478,рыскать
1479,1479,недооценить
1480,1480,ести
1481,1481,работа
1482,1482,проигра
1483,1483,посметь
1484,1484,случайно
1485,1485,волга
1486,1486,ная
1487,1487,сопеть
1488,1488,мим
1489,1489,тереться
1490,1490,питер
1491,1491,нетерпение
1492,1492,лопнуть
1493,1493,сельпа
1494,1494,бард
1495,1495,парта
1496,1496,виннета
1497,1497,батенька
1498,1498,время
1499,1499,скаж
1500,1500,петров
1501,1501,слегка
1502,1502,уфруфь
1503,1503,наутро
1504,1504,девоншир
1505,1505,христос
1506,1506,теплюнуть
1507,1507,ртат
1508,1508,обрисоваться
1509,1509,выйти
1510,1510,пьянство
1511,1511,певица
1512,1512,червь
1513,1513,пора
1514,1514,ассенизатор
1515,1515,продолжать
1516,1516,жильё
1517,1517,дело
1518,1518,лебёд
1519,1519,диктант
1520,1520,состоиться
1521,1521,ростут
1522,1522,послышаться
1523,1523,можно
1524,1524,ребёнок
1525,1525,проторить
1526,1526,полуподвал
1527,1527,котомка
1528,1528,кутья
1529,1529,отметить
1530,1530,приличный
1531,1531,вы
1532,1532,произношение
1533,1533,таковой
1534,1534,веселить
1535,1535,василёк
1536,1536,самый
1537,1537,иа
1538,1538,машка
1539,1539,разломать
1540,1540,недюжинный
1541,1541,ярко
1542,1542,шёпотом
1543,1543,поправить
1544,1544,страх
1545,1545,хрипотц
1546,1546,нечаянно
1547,1547,жена
1548,1548,хлопци
1549,1549,государь
1550,1550,скрестись
1551,1551,забгызгала
1552,1552,адэль
1553,1553,отдых
1554,1554,запас
1555,1555,мрот
1556,1556,смычать
1557,1557,срочок
1558,1558,старое
1559,1559,висеть
1560,1560,ведущий
1561,1561,бамзаля
1562,1562,маэстро
1563,1563,старый
1564,1564,капец
1565,1565,прильнуть
1566,1566,одесский
1567,1567,тосол
1568,1568,фуражка
1569,1569,уныние
1570,1570,фрактал
1571,1571,матрос
1572,1572,металл
1573,1573,кратко
1574,1574,станиславский
1575,1575,содомит
1576,1576,допрашивать
1577,1577,разразиться
1578,1578,пнуть
1579,1579,песенка
1580,1580,мочить
1581,1581,грусть
1582,1582,там
1583,1583,учитель
1584,1584,цирк
1585,1585,слеза
1586,1586,ралси
1587,1587,гусиный
1588,1588,весна
1589,1589,бульк
1590,1590,воспринимать
1591,1591,artext
1592,1592,появление
1593,1593,боткать
1594,1594,позабыть
1595,1595,организм
1596,1596,отрад
1597,1597,водоканал
1598,1598,тащить
1599,1599,самец
1600,1600,укус
1601,1601,кольнуть
1602,1602,жилой
1603,1603,госдума
1604,1604,салон
1605,1605,канун
1606,1606,дешёвый
1607,1607,настучать
1608,1608,сша
1609,1609,горошек
1610,1610,трудный
1611,1611,отс
1612,1612,ребёночек
1613,1613,кошачий
1614,1614,томик
1615,1615,рельс
1616,1616,поврать
1617,1617,смердеть
1618,1618,потч
1619,1619,бурбон
1620,1620,ток
1621,1621,комиссионна
1622,1622,дырочка
1623,1623,гордиться
1624,1624,разгорячить
1625,1625,стучаться
1626,1626,страус
1627,1627,принять
1628,1628,мало
1629,1629,легко
1630,1630,повторять
1631,1631,гидрокостюм
1632,1632,культизм
1633,1633,дружно
1634,1634,скат
1635,1635,море
1636,1636,перепортить
1637,1637,окошечко
1638,1638,удушать
1639,1639,ри
1640,1640,херня
1641,1641,устроить
1642,1642,сколь
1643,1643,круговорот
1644,1644,зеркало
1645,1645,рыба
1646,1646,стыд
1647,1647,тревожный
1648,1648,картофель
1649,1649,доверять
1650,1650,встрепенуться
1651,1651,гмый
1652,1652,а
1653,1653,отсюда
1654,1654,винишко
1655,1655,немытый
1656,1656,рисовать
1657,1657,брат
1658,1658,перед
1659,1659,ускакато
1660,1660,покорять
1661,1661,вихор
1662,1662,падеж
1663,1663,склонный
1664,1664,запомнить
1665,1665,блеять
1666,1666,кхе
1667,1667,какойтый
1668,1668,зло
1669,1669,вялый
1670,1670,пласт
1671,1671,поэтому
1672,1672,позитив
1673,1673,герасим
1674,1674,привнести
1675,1675,множество
1676,1676,зём
1677,1677,ведь
1678,1678,кишинэу
1679,1679,управлять
1680,1680,спугнуть
1681,1681,йож
1682,1682,мечта
1683,1683,ванье
1684,1684,уголовный
1685,1685,дантон
1686,1686,пророкотать
1687,1687,конец
1688,1688,разобрать
1689,1689,раскопка
1690,1690,решимость
1691,1691,опасаться
1692,1692,глубина
1693,1693,увещевать
1694,1694,изба
1695,1695,более
1696,1696,выстроить
1697,1697,призыв
1698,1698,вопиющий
1699,1699,влиять
1700,1700,презент
1701,1701,поливать
1702,1702,восемь
1703,1703,летописец
1704,1704,валун
1705,1705,людоед
1706,1706,специальный
1707,1707,зевать
1708,1708,россия
1709,1709,глава
1710,1710,сумка
1711,1711,отважный
1712,1712,бургер
1713,1713,слезать
1714,1714,ликвидировать
1715,1715,ловить
1716,1716,яйцерезка
1717,1717,поскрести
1718,1718,несварение
1719,1719,наступить
1720,1720,сам
1721,1721,менее
1722,1722,запретить
1723,1723,билли
1724,1724,цискаридзе
1725,1725,съть
1726,1726,чесночь
1727,1727,гаснуть
1728,1728,врата
1729,1729,зайти
1730,1730,приверженный
1731,1731,солянка
1732,1732,потусторонний
1733,1733,лишить
1734,1734,учиться
1735,1735,начальство
1736,1736,джакузи
1737,1737,маслина
1738,1738,зина
1739,1739,печально
1740,1740,гуглить
1741,1741,делить
1742,1742,тыгдым
1743,1743,игла
1744,1744,купе
1745,1745,богатырь
1746,1746,отбивка
1747,1747,международный
1748,1748,игра
1749,1749,оголодать
1750,1750,нефтепродукт
1751,1751,розовый
1752,1752,избрать
1753,1753,рань
1754,1754,украшать
1755,1755,испытывать
1756,1756,малевич
1757,1757,песня
1758,1758,нехристь
1759,1759,чай
1760,1760,пауль
1761,1761,раздуть
1762,1762,ласка
1763,1763,борода
1764,1764,грушницкий
1765,1765,добавить
1766,1766,пиноккио
1767,1767,могила
1768,1768,сжог
1769,1769,матрёх
1770,1770,невпопад
1771,1771,полотно
1772,1772,соблазнить
1773,1773,баркас
1774,1774,собачий
1775,1775,мерим
1776,1776,квайк
1777,1777,шевчук
1778,1778,винтёр
1779,1779,пластинка
1780,1780,точить
1781,1781,клей
1782,1782,кадка
1783,1783,дук
1784,1784,обнять
1785,1785,воздух
1786,1786,ставить
1787,1787,тер
1788,1788,привычный
1789,1789,женский
1790,1790,прочесть
1791,1791,дарить
1792,1792,бельчонок
1793,1793,бабка
1794,1794,главное
1795,1795,придача
1796,1796,мужик
1797,1797,пруд
1798,1798,воландеморт
1799,1799,материться
1800,1800,санфранциско
1801,1801,евфрат
1802,1802,спрашивать
1803,1803,муженёк
1804,1804,толстый
1805,1805,щеколда
1806,1806,хуйвыго
1807,1807,фто
1808,1808,плакать
1809,1809,хрустальный
1810,1810,фортуна
1811,1811,кабуки
1812,1812,медный
1813,1813,ныряльщик
1814,1814,ништяк
1815,1815,заколд
1816,1816,ный
1817,1817,пущать
1818,1818,слипнуться
1819,1819,мазерать
1820,1820,боинг
1821,1821,гобдо
1822,1822,вселенная
1823,1823,сгореть
1824,1824,винище
1825,1825,строгий
1826,1826,удар
1827,1827,жд
1828,1828,ром
1829,1829,косвенный
1830,1830,наступать
1831,1831,наиль
1832,1832,красота
1833,1833,чайка
1834,1834,берлин
1835,1835,тон
1836,1836,вопрос
1837,1837,тая
1838,1838,холить
1839,1839,решить
1840,1840,нажор
1841,1841,нео
1842,1842,дездемона
1843,1843,пустырник
1844,1844,зной
1845,1845,каткий
1846,1846,вселиться
1847,1847,кальмана
1848,1848,ухо
1849,1849,решётка
1850,1850,аякс
1851,1851,нора
1852,1852,дуэль
1853,1853,сочинять
1854,1854,гигантский
1855,1855,парить
1856,1856,хотать
1857,1857,покойный
1858,1858,грязный
1859,1859,можка
1860,1860,крайний
1861,1861,стечь
1862,1862,допустимый
1863,1863,тубизм
1864,1864,лезть
1865,1865,ваня
1866,1866,пламмера
1867,1867,вшить
1868,1868,кобра
1869,1869,губа
1870,1870,опора
1871,1871,девка
1872,1872,толкователь
1873,1873,батька
1874,1874,солить
1875,1875,рана
1876,1876,поташ
1877,1877,угадать
1878,1878,колодец
1879,1879,сердечко
1880,1880,широкий
1881,1881,индивидуальный
1882,1882,пиво
1883,1883,рифма
1884,1884,стил
1885,1885,чванна
1886,1886,варьировать
1887,1887,дурак
1888,1888,за
1889,1889,первоклассный
1890,1890,насмерть
1891,1891,сибёд
1892,1892,склад
1893,1893,норка
1894,1894,осип
1895,1895,прострелить
1896,1896,середина
1897,1897,плевать
1898,1898,проплыть
1899,1899,знать
1900,1900,грешить
1901,1901,ужонок
1902,1902,ться
1903,1903,тактично
1904,1904,эльф
1905,1905,куриный
1906,1906,наверное
1907,1907,ньюйорк
1908,1908,присвоить
1909,1909,приговорить
1910,1910,братва
1911,1911,разглядывать
1912,1912,сторож
1913,1913,ваться
1914,1914,синька
1915,1915,портниха
1916,1916,остывать
1917,1917,барто
1918,1918,готовиться
1919,1919,получать
1920,1920,реквизит
1921,1921,песок
1922,1922,хриплый
1923,1923,обида
1924,1924,разбогатеть
1925,1925,спьяну
1926,1926,пыльца
1927,1927,пэ
1928,1928,служба
1929,1929,мимо
1930,1930,гитарист
1931,1931,срок
1932,1932,ёмкость
1933,1933,бесцеремонно
1934,1934,провинция
1935,1935,полка
1936,1936,очистка
1937,1937,коленчатый
1938,1938,конечный
1939,1939,замуж
1940,1940,молчать
1941,1941,ков
1942,1942,социальный
1943,1943,орало
1944,1944,заподозрить
1945,1945,смотреться
1946,1946,баня
1947,1947,исполнить
1948,1948,лёгочный
1949,1949,выть
1950,1950,дюма
1951,1951,прикасаться
1952,1952,иногда
1953,1953,должность
1954,1954,воспользоваться
1955,1955,галера
1956,1956,выдать
1957,1957,геннадий
1958,1958,дедуктивный
1959,1959,показывать
1960,1960,клеймить
1961,1961,вена
1962,1962,мина
1963,1963,ничей
1964,1964,вернуть
1965,1965,гетеро
1966,1966,метровый
1967,1967,скоро
1968,1968,шарль
1969,1969,колесо
1970,1970,жёлтый
1971,1971,узи
1972,1972,чванство
1973,1973,деньга
1974,1974,берухо
1975,1975,купить
1976,1976,ёжик
1977,1977,консьерж
1978,1978,роковой
1979,1979,войско
1980,1980,лочек
1981,1981,чингачгук
1982,1982,добираться
1983,1983,засуетиться
1984,1984,неподвижный
1985,1985,жетон
1986,1986,сумбурный
1987,1987,порт
1988,1988,мопассан
1989,1989,беруш
1990,1990,.
1991,1991,посыл
1992,1992,седовласый
1993,1993,подсолнечник
1994,1994,псоглавый
1995,1995,нокьть
1996,1996,какать
1997,1997,лечь
1998,1998,сизый
1999,1999,сиквел
2000,2000,выронить
2001,2001,поменять
2002,2002,уметь
2003,2003,капот
2004,2004,производство
2005,2005,железа
2006,2006,вдруг
2007,2007,неуёмный
2008,2008,торт
2009,2009,саксофон
2010,2010,детишки
2011,2011,пулемёт
2012,2012,амбистома
2013,2013,жало
2014,2014,дать
2015,2015,щупальце
2016,2016,театр
2017,2017,надежда
2018,2018,разум
2019,2019,врач
2020,2020,микоян
2021,2021,фффррра
2022,2022,новопреставленный
2023,2023,ева
2024,2024,гораздо
2025,2025,витон
2026,2026,броситься
2027,2027,мраморный
2028,2028,непонятно
2029,2029,плохо
2030,2030,развеселить
2031,2031,усть
2032,2032,откусить
2033,2033,лебедь
2034,2034,стих
2035,2035,отношение
2036,2036,растянуться
2037,2037,стырь
2038,2038,цирковой
2039,2039,лоцманский
2040,2040,леч
2041,2041,рахат
2042,2042,кириешка
2043,2043,хотеться
2044,2044,мадмазель
2045,2045,спасать
2046,2046,квартира
2047,2047,сдуру
2048,2048,нанести
2049,2049,боком
2050,2050,вылезти
2051,2051,усесться
2052,2052,мёртвый
2053,2053,покинуть
2054,2054,мкад
2055,2055,кредит
2056,2056,консервы
2057,2057,ллеристый
2058,2058,доплывать
2059,2059,овечий
2060,2060,руб
2061,2061,русский
2062,2062,виннипухий
2063,2063,кофема
2064,2064,тихий
2065,2065,опустить
2066,2066,пополнить
2067,2067,лишний
2068,2068,проток
2069,2069,крутить
2070,2070,стиль
2071,2071,выу
2072,2072,протокол
2073,2073,вскрикивать
2074,2074,секта
2075,2075,)
2076,2076,гроб
2077,2077,комната
2078,2078,ихний
2079,2079,медикамент
2080,2080,сердце
2081,2081,осуществляться
2082,2082,диван
2083,2083,ряска
2084,2084,сменить
2085,2085,штангельциркульный
2086,2086,вкус
2087,2087,главбух
2088,2088,надменна
2089,2089,постепенно
2090,2090,начитаться
2091,2091,неспокойно
2092,2092,полусфера
2093,2093,десерт
2094,2094,ножик
2095,2095,товаискать
2096,2096,тоска
2097,2097,холм
2098,2098,кубань
2099,2099,шарпить
2100,2100,гриф
2101,2101,тереть
2102,2102,леголаса
2103,2103,плеваться
2104,2104,плешь
2105,2105,существовать
2106,2106,фея
2107,2107,вентилятор
2108,2108,пошол
2109,2109,томиться
2110,2110,сидя
2111,2111,ю
2112,2112,жить
2113,2113,славяный
2114,2114,потроха
2115,2115,шрека
2116,2116,джакузиев
2117,2117,некоторый
2118,2118,ученик
2119,2119,наладить
2120,2120,курс
2121,2121,заполнить
2122,2122,меря
2123,2123,открыть
2124,2124,отодвинуть
2125,2125,вынимать
2126,2126,встарь
2127,2127,ребрендинг
2128,2128,посещать
2129,2129,невдалеке
2130,2130,ын
2131,2131,смениться
2132,2132,ручка
2133,2133,людвиг
2134,2134,грянуть
2135,2135,сахарница
2136,2136,пока
2137,2137,лицо
2138,2138,предлог
2139,2139,всякий
2140,2140,поцеловаться
2141,2141,состоять
2142,2142,топить
2143,2143,опци
2144,2144,голубой
2145,2145,съехать
2146,2146,поле
2147,2147,кататься
2148,2148,казать
2149,2149,вапщий
2150,2150,город
2151,2151,краснеть
2152,2152,проклинать
2153,2153,карл
2154,2154,бот
2155,2155,специя
2156,2156,падать
2157,2157,носатый
2158,2158,гардероб
2159,2159,корова
2160,2160,трудоспособный
2161,2161,ыть
2162,2162,делимый
2163,2163,винни
2164,2164,криптозоогерма
2165,2165,вижж
2166,2166,тяжело
2167,2167,папуас
2168,2168,час
2169,2169,зелёносиний
2170,2170,спесь
2171,2171,фрагмент
2172,2172,высадка
2173,2173,недовылавировывать
2174,2174,тюрьма
2175,2175,принимать
2176,2176,обеспокоиться
2177,2177,настроение
2178,2178,штампование
2179,2179,воровать
2180,2180,катон
2181,2181,выпинывать
2182,2182,отбиваться
2183,2183,лететь
2184,2184,цветок
2185,2185,русь
2186,2186,случайный
2187,2187,сырой
2188,2188,санузел
2189,2189,горгаз
2190,2190,робеспьер
2191,2191,втроём
2192,2192,мел
2193,2193,часы
2194,2194,клиника
2195,2195,понараспрыгиваться
2196,2196,уа
2197,2197,жды
2198,2198,осадочный
2199,2199,блин
2200,2200,профком
2201,2201,кубарем
2202,2202,захватить
2203,2203,старуха
2204,2204,пропасть
2205,2205,живой
2206,2206,роспрягать
2207,2207,ау
2208,2208,прибивать
2209,2209,доставаться
2210,2210,аббат
2211,2211,кафе
2212,2212,затруднить
2213,2213,однажды
2214,2214,тык
2215,2215,ущий
2216,2216,нощь
2217,2217,сова
2218,2218,безголовый
2219,2219,раздел
2220,2220,троп
2221,2221,хищничёска
2222,2222,сперматозоид
2223,2223,приехать
2224,2224,ясный
2225,2225,семь
2226,2226,нейрон
2227,2227,холодать
2228,2228,шнитке
2229,2229,собственно
2230,2230,бо
2231,2231,позвонок
2232,2232,голосить
2233,2233,прочить
2234,2234,для
2235,2235,неотличимый
2236,2236,цель
2237,2237,махнуть
2238,2238,гробовой
2239,2239,рыбка
2240,2240,зам
2241,2241,тбилисец
2242,2242,вынести
2243,2243,звать
2244,2244,охотничий
2245,2245,патентованный
2246,2246,пароход
2247,2247,убертакси
2248,2248,упор
2249,2249,:
2250,2250,покарать
2251,2251,записать
2252,2252,филолог
2253,2253,родня
2254,2254,выставить
2255,2255,узость
2256,2256,крыша
2257,2257,молодой
2258,2258,надень
2259,2259,прибить
2260,2260,сноп
2261,2261,сурово
2262,2262,кстати
2263,2263,карабинер
2264,2264,бояться
2265,2265,гора
2266,2266,союзный
2267,2267,хвалиться
2268,2268,гульнуть
2269,2269,вернёр
2270,2270,итак
2271,2271,расчесать
2272,2272,пансионат
2273,2273,вокруг
2274,2274,пищаль
2275,2275,нашоться
2276,2276,уносить
2277,2277,ремонт
2278,2278,воландэморт
2279,2279,дежурить
2280,2280,поганка
2281,2281,матушка
2282,2282,портье
2283,2283,вопить
2284,2284,охмурительный
2285,2285,перебивать
2286,2286,волья
2287,2287,влачить
2288,2288,обратиться
2289,2289,турандот
2290,2290,руж
2291,2291,что
2292,2292,бундесвер
2293,2293,вспомнить
2294,2294,убивать
2295,2295,поспешать
2296,2296,считать
2297,2297,грант
2298,2298,манера
2299,2299,проигрывать
2300,2300,польт
2301,2301,пациент
2302,2302,мастер
2303,2303,проклятие
2304,2304,евангелие
2305,2305,госкомстат
2306,2306,облепиха
2307,2307,кондуктор
2308,2308,попить
2309,2309,хедлайнер
2310,2310,полный
2311,2311,новость
2312,2312,писательство
2313,2313,зелёнка
2314,2314,древний
2315,2315,низка
2316,2316,хохотать
2317,2317,желание
2318,2318,любой
2319,2319,окошко
2320,2320,балетный
2321,2321,пропить
2322,2322,хрыч
2323,2323,часто
2324,2324,ругать
2325,2325,холщовый
2326,2326,трюм
2327,2327,дрыг
2328,2328,э
2329,2329,восторг
2330,2330,грек
2331,2331,забота
2332,2332,оглобля
2333,2333,картина
2334,2334,пхукет
2335,2335,приготовить
2336,2336,кнопка
2337,2337,наверняка
2338,2338,папироса
2339,2339,бунт
2340,2340,фрезеровщик
2341,2341,начистоту
2342,2342,руль
2343,2343,написать
2344,2344,какомнибудь
2345,2345,алкоголь
2346,2346,стряпня
2347,2347,барьер
2348,2348,гуманитарный
2349,2349,конь
2350,2350,довольно
2351,2351,жизель
2352,2352,простить
2353,2353,га
2354,2354,морепродуктовый
2355,2355,бобина
2356,2356,симсалабить
2357,2357,прятаться
2358,2358,халок
2359,2359,сгуститься
2360,2360,рояль
2361,2361,порою
2362,2362,камин
2363,2363,еврей
2364,2364,смущённый
2365,2365,ность
2366,2366,рука
2367,2367,убийца
2368,2368,шасть
2369,2369,дедушкин
2370,2370,ваш
2371,2371,пик
2372,2372,выходной
2373,2373,племяш
2374,2374,какнуть
2375,2375,скала
2376,2376,наслаждаться
2377,2377,дождаться
2378,2378,восвояси
2379,2379,сурикат
2380,2380,построить
2381,2381,обед
2382,2382,лопух
2383,2383,сопля
2384,2384,народец
2385,2385,недолго
2386,2386,ожидать
2387,2387,форма
2388,2388,драка
2389,2389,ке
2390,2390,дочка
2391,2391,гнусный
2392,2392,неандерталица
2393,2393,анжэла
2394,2394,превращать
2395,2395,повергать
2396,2396,норовить
2397,2397,увести
2398,2398,паспорт
2399,2399,ковчег
2400,2400,уивер
2401,2401,конский
2402,2402,карфаген
2403,2403,аккуратно
2404,2404,пофига
2405,2405,решиться
2406,2406,свиной
2407,2407,финальный
2408,2408,накалякать
2409,2409,сойти
2410,2410,похитить
2411,2411,пряник
2412,2412,широта
2413,2413,мебель
2414,2414,ввиду
2415,2415,невеста
2416,2416,два
2417,2417,удэ
2418,2418,стоить
2419,2419,портфель
2420,2420,окружать
2421,2421,ровный
2422,2422,честность
2423,2423,салтана
2424,2424,десант
2425,2425,дневник
2426,2426,бабло
2427,2427,наставить
2428,2428,медведь
2429,2429,сбрасывать
2430,2430,скакать
2431,2431,треснуть
2432,2432,подолгу
2433,2433,уж
2434,2434,здесь
2435,2435,бег
2436,2436,ковёр
2437,2437,книга
2438,2438,сосна
2439,2439,оно
2440,2440,ошибка
2441,2441,тамада
2442,2442,неблизкий
2443,2443,однако
2444,2444,грязнуля
2445,2445,скилла
2446,2446,вплоть
2447,2447,радостно
2448,2448,пнут
2449,2449,оказаться
2450,2450,устраивать
2451,2451,шикарный
2452,2452,разрушить
2453,2453,взмахнуть
2454,2454,парка
2455,2455,затеять
2456,2456,багор
2457,2457,подвинуть
2458,2458,упорт
2459,2459,объяснить
2460,2460,мы
2461,2461,надзор
2462,2462,артель
2463,2463,очаг
2464,2464,храм
2465,2465,догадаться
2466,2466,лигия
2467,2467,буран
2468,2468,девица
2469,2469,козлить
2470,2470,нил
2471,2471,преодолеть
2472,2472,рейхенбахский
2473,2473,пункт
2474,2474,глеб
2475,2475,рот
2476,2476,жертва
2477,2477,графиня
2478,2478,мак
2479,2479,всёвый
2480,2480,сон
2481,2481,спросонья
2482,2482,радоваться
2483,2483,корь
2484,2484,изъясняться
2485,2485,ево
2486,2486,живьём
2487,2487,расстояние
2488,2488,лютня
2489,2489,звукоряд
2490,2490,штаны
2491,2491,дерево
2492,2492,предпочитать
2493,2493,ахейск
2494,2494,карась
2495,2495,шахерезадый
2496,2496,поди
2497,2497,валуев
2498,2498,бруклин
2499,2499,ход
2500,2500,пред
2501,2501,литровый
2502,2502,лично
2503,2503,стрелять
2504,2504,бунша
2505,2505,мотовство
2506,2506,употреблять
2507,2507,расстрел
2508,2508,исинбаев
2509,2509,троллейбус
2510,2510,удобно
2511,2511,ня
2512,2512,валлиец
2513,2513,панский
2514,2514,смех
2515,2515,тыкать
2516,2516,соседний
2517,2517,соображение
2518,2518,нужда
2519,2519,орь
2520,2520,патлы
2521,2521,торпедный
2522,2522,любовь
2523,2523,чернявый
2524,2524,фрекен
2525,2525,редкий
2526,2526,ведро
2527,2527,другой
2528,2528,полицейский
2529,2529,стала
2530,2530,бора
2531,2531,дура
2532,2532,кой
2533,2533,должница
2534,2534,ненавистный
2535,2535,зритель
2536,2536,сильвер
2537,2537,вымолвить
2538,2538,завхачен
2539,2539,медленно
2540,2540,произвести
2541,2541,практически
2542,2542,счесть
2543,2543,черно
2544,2544,волк
2545,2545,соседский
2546,2546,макс
2547,2547,у
2548,2548,прелый
2549,2549,усатый
2550,2550,герр
2551,2551,покер
2552,2552,глушь
2553,2553,неизлечимый
2554,2554,декоративный
2555,2555,закат
2556,2556,вселяться
2557,2557,монтрё
2558,2558,сурок
2559,2559,число
2560,2560,лингвист
2561,2561,праветь
2562,2562,бэнксьмить
2563,2563,помидор
2564,2564,фкоро
2565,2565,целовать
2566,2566,клещ
2567,2567,пугливо
2568,2568,ласково
2569,2569,присесть
2570,2570,мат
2571,2571,вадить
2572,2572,палач
2573,2573,боб
2574,2574,проживать
2575,2575,итог
2576,2576,гречка
2577,2577,(
2578,2578,куравлевый
2579,2579,подать-ка
2580,2580,нострадамус
2581,2581,новогодний
2582,2582,оконный
2583,2583,питомец
2584,2584,бонжур
2585,2585,каковой
2586,2586,сцепиться
2587,2587,министр
2588,2588,яго
2589,2589,вчерне
2590,2590,порка
2591,2591,кудато
2592,2592,финал
2593,2593,ген
2594,2594,соро
2595,2595,пыл
2596,2596,кефаль
2597,2597,скинуть
2598,2598,выбить
2599,2599,скатиться
2600,2600,скосок
2601,2601,разный
2602,2602,дефо
2603,2603,маяковский
2604,2604,обратно
2605,2605,бирь
2606,2606,псалом
2607,2607,позволить
2608,2608,свалиться
2609,2609,тонический
2610,2610,бн
2611,2611,говно
2612,2612,капитан
2613,2613,глубоко
2614,2614,накак
2615,2615,чтоб
2616,2616,перенести
2617,2617,удобство
2618,2618,весёлый
2619,2619,ура
2620,2620,частично
2621,2621,тайга
2622,2622,увидеть
2623,2623,чёрт
2624,2624,клюка
2625,2625,портянка
2626,2626,набор
2627,2627,понарасхитить
2628,2628,позвонить
2629,2629,размен
2630,2630,боярин
2631,2631,супостат
2632,2632,кожа
2633,2633,ц
2634,2634,art
2635,2635,ленгаз
2636,2636,!
2637,2637,всерьёз
2638,2638,непреклонный
2639,2639,гештальт
2640,2640,нихуй
2641,2641,ре
2642,2642,оставить
2643,2643,желательно
2644,2644,очень
2645,2645,плыть
2646,2646,молча
2647,2647,неподалёку
2648,2648,дотянуть
2649,2649,эфир
2650,2650,созвучно
2651,2651,синий
2652,2652,олег
2653,2653,великомученик
2654,2654,орф
2655,2655,будущий
2656,2656,случаться
2657,2657,похлеще
2658,2658,бездарный
2659,2659,штоль
2660,2660,роды
2661,2661,томат
2662,2662,чистый
2663,2663,лиса
2664,2664,давать
2665,2665,лядвый
2666,2666,карлтон
2667,2667,американский
2668,2668,умный
2669,2669,предуготовать
2670,2670,занести
2671,2671,пингвин
2672,2672,сирена
2673,2673,идеальный
2674,2674,тадэуш
2675,2675,альп
2676,2676,вий
2677,2677,конечно
2678,2678,наряд
2679,2679,собака
2680,2680,элвис
2681,2681,ментальный
2682,2682,анатолий
2683,2683,нередко
2684,2684,автоваз
2685,2685,анальный
2686,2686,палуба
2687,2687,сопровождать
2688,2688,ерж
2689,2689,робин
2690,2690,починить
2691,2691,уверить
2692,2692,оне
2693,2693,джон
2694,2694,стрястись
2695,2695,вдохновляться
2696,2696,тратить
2697,2697,перегар
2698,2698,строчка
2699,2699,переоса
2700,2700,лайта
2701,2701,пурга
2702,2702,проволочка
2703,2703,маня
2704,2704,хипхоп
2705,2705,ачойтном
2706,2706,покоситься
2707,2707,дно
2708,2708,одетый
2709,2709,джером
2710,2710,ну
2711,2711,нах
2712,2712,перетекать
2713,2713,прикинуть
2714,2714,куравлёва
2715,2715,паркур
2716,2716,чаёк
2717,2717,быть
2718,2718,отвлекать
2719,2719,человек
2720,2720,штора
2721,2721,магазин
2722,2722,заместитель
2723,2723,воспевать
2724,2724,кольщик
2725,2725,подать
2726,2726,сколькирный
2727,2727,покои
2728,2728,нечего
2729,2729,уста
2730,2730,откуда
2731,2731,плести
2732,2732,схватка
2733,2733,окно
2734,2734,ваз
2735,2735,наверно
2736,2736,пожаловаться
2737,2737,убыль
2738,2738,заём
2739,2739,прыть
2740,2740,гнус
2741,2741,совершать
2742,2742,капельмейстер
2743,2743,патологоанатом
2744,2744,сажать
2745,2745,хчеловек
2746,2746,неважно
2747,2747,эф
2748,2748,ф
2749,2749,печь
2750,2750,хладнокровно
2751,2751,ворона
2752,2752,руфь
2753,2753,тся
2754,2754,выша
2755,2755,собственночресельный
2756,2756,бабушка
2757,2757,берёза
2758,2758,фауст
2759,2759,выдающийся
2760,2760,нахер
2761,2761,удручающий
2762,2762,поединок
2763,2763,покраснеть
2764,2764,отряд
2765,2765,гроза
2766,2766,тов-ство
2767,2767,тасс
2768,2768,приезжий
2769,2769,иваново
2770,2770,гладко
2771,2771,влететь
2772,2772,виноград
2773,2773,стоять
2774,2774,трейлраннинг
2775,2775,леденец
2776,2776,букет
2777,2777,селянка
2778,2778,куда
2779,2779,терпение
2780,2780,чёрный
2781,2781,дица
2782,2782,временно
2783,2783,проверить
2784,2784,никакой
2785,2785,сварливый
2786,2786,ленин
2787,2787,часок
2788,2788,козырный
2789,2789,сдохнуть
2790,2790,послать
2791,2791,буратино
2792,2792,зевота
2793,2793,сквозить
2794,2794,шлем
2795,2795,утратить
2796,2796,выбрать
2797,2797,рысь
2798,2798,узнать
2799,2799,воцирковиться
2800,2800,поход
2801,2801,сниться
2802,2802,гулять
2803,2803,поот
2804,2804,матограф
2805,2805,горностаев
2806,2806,скромно
2807,2807,пасха
2808,2808,де
2809,2809,войти
2810,2810,хорей
2811,2811,перебрать
2812,2812,дол
2813,2813,фужер
2814,2814,горе
2815,2815,лосиный
2816,2816,неожиданность
2817,2817,брег
2818,2818,артиллерийский
2819,2819,палсемёнович
2820,2820,оттуда
2821,2821,космонавт
2822,2822,раздаться
2823,2823,кружочек
2824,2824,отвернуть
2825,2825,снедь
2826,2826,при
2827,2827,шрёдингер
2828,2828,свет
2829,2829,рвать
2830,2830,отмечать
2831,2831,шкура
2832,2832,блюсти
2833,2833,шестиконечный
2834,2834,спа-салон
2835,2835,сразить
2836,2836,щество
2837,2837,лист
2838,2838,держать
2839,2839,заскрести
2840,2840,питание
2841,2841,выглядеть
2842,2842,джей
2843,2843,назвать
2844,2844,пошситься
2845,2845,альбом
2846,2846,аквалангист
2847,2847,алевтина
2848,2848,папить
2849,2849,погодить
2850,2850,убежать
2851,2851,рявкать
2852,2852,столкнуться
2853,2853,лори
2854,2854,бро
2855,2855,хлеб
2856,2856,сбавить
2857,2857,кровать
2858,2858,поить
2859,2859,хватать
2860,2860,натравить
2861,2861,стремянка
2862,2862,петербургский
2863,2863,укротитель
2864,2864,тюльпан
2865,2865,заря
2866,2866,немного
2867,2867,дача
2868,2868,невнятно
2869,2869,таблетка
2870,2870,неловко
2871,2871,крошка
2872,2872,смерть
2873,2873,пробирка
2874,2874,землянка
2875,2875,занимать
2876,2876,серийный
2877,2877,кончаться
2878,2878,божество
2879,2879,прокалывание
2880,2880,силлабо
2881,2881,с
2882,2882,люк
2883,2883,хирург
2884,2884,кэцэ
2885,2885,точно
2886,2886,благодарить
2887,2887,к
2888,2888,пустой
2889,2889,десятый
2890,2890,пойти
2891,2891,вновь
2892,2892,илья
2893,2893,ладный
2894,2894,светлана
2895,2895,обалдеть
2896,2896,срамота
2897,2897,верить
2898,2898,звездолёт
2899,2899,казаться
2900,2900,андроид
2901,2901,убить
2902,2902,суфлёр
2903,2903,негодный
2904,2904,собраться
2905,2905,изучать
2906,2906,планета
2907,2907,ринуться
2908,2908,даваться
2909,2909,падкий
2910,2910,предприниматель
2911,2911,снимать
2912,2912,кружка
2913,2913,скрывать
2914,2914,хьюго
2915,2915,танк
2916,2916,почему
2917,2917,украшение
2918,2918,главный
2919,2919,сражаться
2920,2920,бриться
2921,2921,припётр
2922,2922,вынудить
2923,2923,невыходить
2924,2924,скажыт
2925,2925,понурый
2926,2926,изысканно
2927,2927,скиф
2928,2928,оленевод
2929,2929,разделиться
2930,2930,коснеть
2931,2931,уйти
2932,2932,старик
2933,2933,горынович
2934,2934,мальвина
2935,2935,клясться
2936,2936,хонг
2937,2937,вика
2938,2938,трогать
2939,2939,кофить
2940,2940,дэя
2941,2941,хор
2942,2942,свергнуть
2943,2943,оторвать
2944,2944,обоз
2945,2945,девственница
2946,2946,камаз
2947,2947,множиться
2948,2948,сени
2949,2949,принести
2950,2950,пух
2951,2951,царица
2952,2952,сигач
2953,2953,дрожать
2954,2954,хотеть
2955,2955,овца
2956,2956,изгиб
2957,2957,подельник
2958,2958,кино
2959,2959,большой
2960,2960,земноводное
2961,2961,темница
2962,2962,севастополь
2963,2963,виться
2964,2964,грозить
2965,2965,обозреватель
2966,2966,показаться
2967,2967,самка
2968,2968,шуфутинк
2969,2969,самовар
2970,2970,колоть
2971,2971,нэ
2972,2972,многочисленный
2973,2973,местный
2974,2974,пыль
2975,2975,пятый
2976,2976,потоптать
2977,2977,лермо
2978,2978,саё
2979,2979,бармен
2980,2980,подножие
2981,2981,сокровищница
2982,2982,страпон
2983,2983,бороздить
2984,2984,боярский
2985,2985,ношение
2986,2986,хе
2987,2987,преподнести
2988,2988,ленинград
2989,2989,выковать
2990,2990,раскрутить
2991,2991,разжыжыться
2992,2992,городок
2993,2993,чаша
2994,2994,жанна
2995,2995,залезть
2996,2996,ма
2997,2997,кафка
2998,2998,принци
2999,2999,шок
3000,3000,второй
3001,3001,пат
3002,3002,физлицо
3003,3003,лисица
3004,3004,поветина
3005,3005,фёдор
3006,3006,опыл
3007,3007,колибрь
3008,3008,верблюд
3009,3009,край
3010,3010,гантель
3011,3011,джонсонсбэби
3012,3012,анаконда
3013,3013,процент
3014,3014,сунуть
3015,3015,рукоплескать
3016,3016,внутренне
3017,3017,возможно
3018,3018,one
3019,3019,попривыкнуть
3020,3020,баклан
3021,3021,ашан
3022,3022,диоген
3023,3023,ханкишиев
3024,3024,одноногий
3025,3025,ч
3026,3026,мольба
3027,3027,ацетилен
3028,3028,са
3029,3029,скучный
3030,3030,ромашка
3031,3031,дворец
3032,3032,кирсановое
3033,3033,траншея
3034,3034,апач
3035,3035,пол
3036,3036,ль
3037,3037,совет
3038,3038,сад
3039,3039,периметр
3040,3040,циклодол
3041,3041,метнуться
3042,3042,карбидный
3043,3043,диктат
3044,3044,слово
3045,3045,инспектор
3046,3046,собес
3047,3047,страница
3048,3048,примерно
3049,3049,офицантка
3050,3050,попасть
3051,3051,жара
3052,3052,вход
3053,3053,заклеить
3054,3054,матроскин
3055,3055,газета
3056,3056,залом
3057,3057,фмовать
3058,3058,позадь
3059,3059,пометка
3060,3060,полина
3061,3061,пуститься
3062,3062,круг
3063,3063,интересный
3064,3064,львович
3065,3065,прямой
3066,3066,етчто
3067,3067,грита
3068,3068,поставить
3069,3069,выменять
3070,3070,заладить
3071,3071,парсек
3072,3072,почесать
3073,3073,поржом
3074,3074,случай
3075,3075,реформа
3076,3076,лила
3077,3077,прибрести
3078,3078,помощь
3079,3079,сорок
3080,3080,спешить
3081,3081,фрост
3082,3082,свежий
3083,3083,спасибо
3084,3084,свера
3085,3085,затаить
3086,3086,лоцман
3087,3087,то
3088,3088,сотрудник
3089,3089,вереск
3090,3090,заглянуть
3091,3091,спарринг
3092,3092,чрезвый
3093,3093,педофил
3094,3094,истопить
3095,3095,рудольф
3096,3096,сделаться
3097,3097,молить
3098,3098,прыгнуть
3099,3099,огрызнуться
3100,3100,обозвать
3101,3101,оттрубить
3102,3102,мамин
3103,3103,лёд
3104,3104,гнездиться
3105,3105,пращ
3106,3106,меж
3107,3107,оттого
3108,3108,блажь
3109,3109,ходок
3110,3110,пикассо
3111,3111,впрочем
3112,3112,шах
3113,3113,кость
3114,3114,проводить
3115,3115,сюда
3116,3116,варежка
3117,3117,луч
3118,3118,удивление
3119,3119,визит
3120,3120,гуфсин
3121,3121,фа
3122,3122,метаморфоза
3123,3123,ворота
3124,3124,мужчина
3125,3125,ишак
3126,3126,вломиться
3127,3127,тиранить
3128,3128,посредством
3129,3129,залечь
3130,3130,чакчак
3131,3131,парашют
3132,3132,б
3133,3133,воря
3134,3134,гражданин
3135,3135,басё
3136,3136,набиться
3137,3137,авторежым
3138,3138,основание
3139,3139,зал
3140,3140,зачем-то
3141,3141,турне
3142,3142,соваться
3143,3143,подвал
3144,3144,но
3145,3145,композитор
3146,3146,творить
3147,3147,развод
3148,3148,такт
3149,3149,титаник
3150,3150,хи
3151,3151,убитый
3152,3152,метель
3153,3153,фильцой
3154,3154,пакет
3155,3155,папаха
3156,3156,нищий
3157,3157,налгать
3158,3158,полюс
3159,3159,тан
3160,3160,жрец
3161,3161,разнообразно
3162,3162,перебитость
3163,3163,гнида
3164,3164,замяться
3165,3165,реб
3166,3166,птица
3167,3167,йду
3168,3168,омут
3169,3169,рокот
3170,3170,её
3171,3171,разговор
3172,3172,определить
3173,3173,высокий
3174,3174,чу
3175,3175,доуэль
3176,3176,приспичить
3177,3177,глист
3178,3178,племя
3179,3179,зря
3180,3180,замок
3181,3181,каха
3182,3182,вчера
3183,3183,кефир
3184,3184,солнценосный
3185,3185,мастерская
3186,3186,ужалить
3187,3187,лом
3188,3188,птаха
3189,3189,сгрызать
3190,3190,голос
3191,3191,быстрый
3192,3192,лаборантка
3193,3193,клемма
3194,3194,ствол
3195,3195,нужно
3196,3196,надоесть
3197,3197,прочь
3198,3198,саша
3199,3199,ветеран
3200,3200,очищение
3201,3201,свесть
3202,3202,ларёк
3203,3203,пор
3204,3204,иж
3205,3205,почти
3206,3206,зарезать
3207,3207,неплохо
3208,3208,тактильно
3209,3209,снять
3210,3210,матерчатый
3211,3211,кисегач
3212,3212,плейшнер
3213,3213,различный
3214,3214,труба
3215,3215,почин
3216,3216,поцелуй
3217,3217,прошед
3218,3218,тот
3219,3219,ани
3220,3220,начинаться
3221,3221,псалтырь
3222,3222,рассказывать
3223,3223,убыть
3224,3224,думать
3225,3225,амплуа
3226,3226,груз
3227,3227,встретиться
3228,3228,ездок
3229,3229,пропойца
3230,3230,тьма
3231,3231,буфет
3232,3232,ока
3233,3233,акт
3234,3234,белые
3235,3235,тенёта
3236,3236,сморчок
3237,3237,фатьма
3238,3238,велосипед
3239,3239,вечером
3240,3240,подмиг
3241,3241,пустыня
3242,3242,компания
3243,3243,бела
3244,3244,бумажка
3245,3245,провый
3246,3246,посмотреть
3247,3247,корень
3248,3248,штра
3249,3249,чешуйчатый
3250,3250,орудовать
3251,3251,расслышать
3252,3252,играть
3253,3253,утробно
3254,3254,получасовой
3255,3255,аида
3256,3256,опытный
3257,3257,раскрывать
3258,3258,бухгалтер
3259,3259,иванович
3260,3260,вдоль
3261,3261,склон
3262,3262,извлечь
3263,3263,подчистую
3264,3264,лапландский
3265,3265,фигура
3266,3266,приступ
3267,3267,гуманоид
3268,3268,пересохнуть
3269,3269,мавзолей
3270,3270,госпать
3271,3271,дя
3272,3272,курятник
3273,3273,пушкин
3274,3274,и
3275,3275,совсем
3276,3276,прогнать
3277,3277,гороскоп
3278,3278,правда
3279,3279,мокрый
3280,3280,саид
3281,3281,применить
3282,3282,ось
3283,3283,украина
3284,3284,словарь
3285,3285,бетерфилдка
3286,3286,побол
3287,3287,шаббат
3288,3288,вооружённый
3289,3289,также
3290,3290,желеобразный
3291,3291,пани
3292,3292,кирпич
3293,3293,выпить
3294,3294,осмотреть
3295,3295,гвоздь
3296,3296,красть
3297,3297,зачем
3298,3298,баранов
3299,3299,песочить
3300,3300,ловелас
3301,3301,гоголь
3302,3302,кромка
3303,3303,подобн
3304,3304,завернуть
3305,3305,житейский
3306,3306,вместо
3307,3307,чапай
3308,3308,стараться
3309,3309,тамара
3310,3310,скончайся
3311,3311,циск
3312,3312,столько
3313,3313,поминать
3314,3314,домна
3315,3315,милень
3316,3316,продолжить
3317,3317,страшно
3318,3318,золотой
3319,3319,держатель
3320,3320,отогнуть
3321,3321,внос
3322,3322,настолько
3323,3323,речка
3324,3324,евгений
3325,3325,всемером
3326,3326,ку
3327,3327,иглеся
3328,3328,долой
3329,3329,агуш
3330,3330,кранты
3331,3331,одиссей
3332,3332,укрепа
3333,3333,сомбреро
3334,3334,желать
3335,3335,обтереть
3336,3336,стриптиз
3337,3337,антилопа
3338,3338,юдо
3339,3339,осёл
3340,3340,теплынь
3341,3341,спесивый
3342,3342,сегодня
3343,3343,дуть
3344,3344,погрузиться
3345,3345,прада
3346,3346,биполярность
3347,3347,шала
3348,3348,значит
3349,3349,мост
3350,3350,сухов
3351,3351,шахта
3352,3352,окружный
3353,3353,гипсовый
3354,3354,пассажир
3355,3355,просить
3356,3356,промямлить
3357,3357,сусек
3358,3358,лям
3359,3359,нелепо
3360,3360,прийтись
3361,3361,бельё
3362,3362,свеча
3363,3363,вдохновенный
3364,3364,ай
3365,3365,вечер
3366,3366,уныло
3367,3367,сводить
3368,3368,завод
3369,3369,сударь
3370,3370,сбыться
3371,3371,стереть
3372,3372,тридцать
3373,3373,месяц
3374,3374,движок
3375,3375,магаз
3376,3376,драгун
3377,3377,символ
3378,3378,некто
3379,3379,трусца
3380,3380,хлынуть
3381,3381,разве
3382,3382,надо
3383,3383,бородатый
3384,3384,загс
3385,3385,фактически
3386,3386,некстати
3387,3387,ильич
3388,3388,нормально
3389,3389,плечо
3390,3390,володарский
3391,3391,господь
3392,3392,наббс
3393,3393,ручей
3394,3394,ду
3395,3395,репка
3396,3396,немедля
3397,3397,ответпидор
3398,3398,подумать
3399,3399,заражать
3400,3400,дон
3401,3401,обнаружиться
3402,3402,ржать
3403,3403,моление
3404,3404,много
3405,3405,облететь
3406,3406,обнажить
3407,3407,тиша
3408,3408,королева
3409,3409,щёлково
3410,3410,паста
3411,3411,доказательство
3412,3412,пилав
3413,3413,бахнуть
3414,3414,искусствовед
3415,3415,из
3416,3416,собственность
3417,3417,полтайвань
3418,3418,пятипалый
3419,3419,жизнь
3420,3420,заместо
3421,3421,процесс
3422,3422,нака
3423,3423,морг
3424,3424,тано
3425,3425,ресторан
3426,3426,становиться
3427,3427,отбирать
3428,3428,десяток
3429,3429,вдова
3430,3430,пугаться
3431,3431,обречённый
3432,3432,летний
3433,3433,прислать
3434,3434,яйцеклетка
3435,3435,жевок
3436,3436,подарочный
3437,3437,марсианин
3438,3438,вошол
3439,3439,полюбить
3440,3440,воротиться
3441,3441,волшебник
3442,3442,hell
3443,3443,апостол
3444,3444,кусок
3445,3445,примериться
3446,3446,пакость
3447,3447,утро
3448,3448,гол
3449,3449,приближаться
3450,3450,умереть
3451,3451,истечь
3452,3452,противный
3453,3453,снупдог
3454,3454,шаг
3455,3455,вертеть
3456,3456,истошно
3457,3457,ухмыло
3458,3458,грузовой
3459,3459,глоб
3460,3460,поезд
3461,3461,риа
3462,3462,колобок
3463,3463,такой
3464,3464,кубрик
3465,3465,зимой
3466,3466,чудом
3467,3467,скорый
3468,3468,колхоз
3469,3469,энтропия
3470,3470,сидеть
3471,3471,оклематься
3472,3472,пальма
3473,3473,джекмана
3474,3474,бывать
3475,3475,одутлый
3476,3476,ответ
3477,3477,лейла
3478,3478,отписать
3479,3479,пускай
3480,3480,вдвойне
3481,3481,нет
3482,3482,снова
3483,3483,девушка
3484,3484,барин
3485,3485,затем
3486,3486,проездной
3487,3487,брань
3488,3488,лукума
3489,3489,ржа
3490,3490,ангар
3491,3491,бордюр
3492,3492,шагнуть
3493,3493,отспичь
3494,3494,повсюду
3495,3495,отвечать
3496,3496,зять
3497,3497,вампир
3498,3498,вытирать
3499,3499,конкретно
3500,3500,зюхель
3501,3501,мирно
3502,3502,победить
3503,3503,сть
3504,3504,вонзать
3505,3505,закинуть
3506,3506,коничив
3507,3507,ветка
3508,3508,плов
3509,3509,спокойно
3510,3510,случиться
3511,3511,ильфо
3512,3512,растить
3513,3513,внучатый
3514,3514,твой
3515,3515,икс
3516,3516,маляр
3517,3517,ямалоненецкий
3518,3518,насыщаться
3519,3519,извинить
3520,3520,токола
3521,3521,тефтель
3522,3522,совокупность
3523,3523,угрести
3524,3524,рей
3525,3525,сохранять
3526,3526,ввоз
3527,3527,верещать
3528,3528,туда
3529,3529,некрасов
3530,3530,раскипятиться
3531,3531,влезать
3532,3532,ощупать
3533,3533,терем
3534,3534,свойственный
3535,3535,напряжение
3536,3536,особый
3537,3537,меховой
3538,3538,закомплексованный
3539,3539,магомед
3540,3540,хейердал
3541,3541,гусь
3542,3542,лёгкий
3543,3543,тёща
3544,3544,забор
3545,3545,одежда
3546,3546,миклухо
3547,3547,растоптать
3548,3548,уфа
3549,3549,тёмный
3550,3550,семёнович
3551,3551,где
3552,3552,копьецо
3553,3553,биттнер
3554,3554,безукоризненный
3555,3555,аляска
3556,3556,маша
3557,3557,що
3558,3558,иметь
3559,3559,почта
3560,3560,милионный
3561,3561,макака
3562,3562,даже
3563,3563,ударный
3564,3564,хайрулина
3565,3565,вылить
3566,3566,ираида
3567,3567,советский
3568,3568,видно
3569,3569,ё
3570,3570,колдун
3571,3571,фу
3572,3572,отрасти
3573,3573,ядрёный
3574,3574,закричать
3575,3575,громко
3576,3576,суровый
3577,3577,магнитный
3578,3578,удаться
3579,3579,мотель
3580,3580,запах
3581,3581,разойтись
3582,3582,косой
3583,3583,заботливый
3584,3584,поп
3585,3585,детский
3586,3586,читаться
3587,3587,ныряльшица
3588,3588,путешественник
3589,3589,увиливать
3590,3590,дойти
3591,3591,гоняться
3592,3592,гамлет
3593,3593,гроссмейстер
3594,3594,исправлять
3595,3595,ы
3596,3596,ковый
3597,3597,гувернёр
3598,3598,номер
3599,3599,семявыводящий
3600,3600,жевачка
3601,3601,озвучить
3602,3602,восток
3603,3603,отвращение
3604,3604,тоже
3605,3605,ответить
3606,3606,щи
3607,3607,пропускать
3608,3608,куин
3609,3609,педикулёз
3610,3610,безумный
3611,3611,спрятать
3612,3612,герой
3613,3613,непринуждённый
3614,3614,одиночка
3615,3615,запрещать
3616,3616,носить
3617,3617,холмс
3618,3618,недосуг
3619,3619,рина
3620,3620,дыхание
3621,3621,боп
3622,3622,побить
3623,3623,белена
3624,3624,шорты
3625,3625,хома
3626,3626,пришол
3627,3627,радость
3628,3628,кирилл
3629,3629,плескаться
3630,3630,чумак
3631,3631,бизон
3632,3632,грива
3633,3633,смит
3634,3634,вздрогнуть
3635,3635,спастись
3636,3636,лавр
3637,3637,емельяненко
3638,3638,тип
3639,3639,справа
3640,3640,накренять
3641,3641,полнота
3642,3642,профиль
3643,3643,жнец
3644,3644,лыжа
3645,3645,лампа
3646,3646,крейпфрут
3647,3647,полить
3648,3648,чебурек
3649,3649,тропа
3650,3650,дуб
3651,3651,неприятно
3652,3652,выглядывать
3653,3653,санкционировать
3654,3654,оскал
3655,3655,сжиматься
3656,3656,впадать
3657,3657,комнатный
3658,3658,маньяк
3659,3659,кабачок
3660,3660,уборщик
3661,3661,вахтер
3662,3662,ед
3663,3663,харчо
3664,3664,до
3665,3665,ратный
3666,3666,художник
3667,3667,явственно
3668,3668,неточность
3669,3669,ситшок
3670,3670,поверка
3671,3671,рождение
3672,3672,пустота
3673,3673,вред
3674,3674,каретный
3675,3675,хэзэ
3676,3676,кукушка
3677,3677,стиральный
3678,3678,одутловатый
3679,3679,молниеносный
3680,3680,воспроизводить
3681,3681,куклачёв
3682,3682,нара
3683,3683,диагноз
3684,3684,расткать
3685,3685,леветь
3686,3686,охват
3687,3687,вениамин
3688,3688,страховка
3689,3689,браслет
3690,3690,сейчас
3691,3691,чушь
3692,3692,ос
3693,3693,уравновесить
3694,3694,наш
3695,3695,лютый
3696,3696,дот
3697,3697,херить
3698,3698,симулировать
3699,3699,расстраиваться
3700,3700,переключатель
3701,3701,зы
3702,3702,ведать
3703,3703,сюд
3704,3704,дьявольски
3705,3705,порвать
3706,3706,тница
3707,3707,зима
3708,3708,кольчуга
3709,3709,ведьма
3710,3710,грамм
3711,3711,заплутать
3712,3712,бедный
3713,3713,лю
3714,3714,вышибать
3715,3715,париж
3716,3716,признаться
3717,3717,вроде
3718,3718,доколь
3719,3719,воспеть
3720,3720,рубенс
3721,3721,схоронить
3722,3722,похоже
3723,3723,базар
3724,3724,вор
3725,3725,поскользнуться
3726,3726,тишина
3727,3727,грубый
3728,3728,центр
3729,3729,кличо
3730,3730,смущать
3731,3731,усечь
3732,3732,моисей
3733,3733,курнуть
3734,3734,британец
3735,3735,известие
3736,3736,ясно
3737,3737,кривая
3738,3738,меню
3739,3739,умиротворённо
3740,3740,угу
3741,3741,конструктивный
3742,3742,полста
3743,3743,обмен
3744,3744,смыться
3745,3745,стать
3746,3746,продажа
3747,3747,сбежать
3748,3748,всегда
3749,3749,гнуть
3750,3750,командущий
3751,3751,маска
3752,3752,понимать
3753,3753,вообще
3754,3754,киссинджер
3755,3755,сверху
3756,3756,же
3757,3757,сметь
3758,3758,латиф
3759,3759,поколение
3760,3760,сибас
3761,3761,новостной
3762,3762,офи
3763,3763,движение
3764,3764,молодильный
3765,3765,конный
3766,3766,вода
3767,3767,заправила
3768,3768,костёр
3769,3769,междометие
3770,3770,имох
3771,3771,размножение
3772,3772,n
3773,3773,наводярить
3774,3774,коррумпировать
3775,3775,везде
3776,3776,начаться
3777,3777,марс
3778,3778,тавать
3779,3779,спасть
3780,3780,далече
3781,3781,анастас
3782,3782,около
3783,3783,накрыть
3784,3784,озорной
3785,3785,приезж
3786,3786,питьё
3787,3787,благословить
3788,3788,проситься
3789,3789,заняться
3790,3790,ступать
3791,3791,улыбка
3792,3792,на
3793,3793,мисс
3794,3794,кавалерийский
3795,3795,стресс
3796,3796,тиски
3797,3797,гадать
3798,3798,й
3799,3799,виталий
3800,3800,пение
3801,3801,сеновал
3802,3802,преобладать
3803,3803,наспать
3804,3804,иуда
3805,3805,цвет
3806,3806,припомнить
3807,3807,йок
3808,3808,корабль
3809,3809,актёр
3810,3810,напиток
3811,3811,божэ
3812,3812,конгрессмен
3813,3813,право
3814,3814,глупость
3815,3815,январь
3816,3816,листва
3817,3817,полжизни
3818,3818,щит
3819,3819,сперва
3820,3820,раздражённо
3821,3821,барыня
3822,3822,предварительно
3823,3823,бочка
3824,3824,капельница
3825,3825,карманный
3826,3826,давеча
3827,3827,плюнуть
3828,3828,камю
3829,3829,такси
3830,3830,каркнуть
3831,3831,морской
3832,3832,хватить
3833,3833,плохой
3834,3834,семя
3835,3835,масло
3836,3836,косяк
3837,3837,полёт
3838,3838,дыба
3839,3839,князь
3840,3840,уют
3841,3841,каннибал
3842,3842,поймать
3843,3843,як
3844,3844,государство
3845,3845,жалкий
3846,3846,напор
3847,3847,воротина
3848,3848,жать
3849,3849,кубик
3850,3850,улица
3851,3851,появиться
3852,3852,раздумье
3853,3853,реально
3854,3854,пенять
3855,3855,брак
3856,3856,тепло
3857,3857,бабаммм
3858,3858,лужа
3859,3859,прясть
3860,3860,сочиться
3861,3861,нарнии
3862,3862,выругаться
3863,3863,ужасно
3864,3864,фрута
3865,3865,средь
3866,3866,треска
3867,3867,бабуин
3868,3868,забрать
3869,3869,приятель
3870,3870,бурка
3871,3871,праздник
3872,3872,полмотс
3873,3873,йод
3874,3874,страсть
3875,3875,всплеснуть
3876,3876,наташа
3877,3877,маячить
3878,3878,молокосос
3879,3879,штольц
3880,3880,пятница
3881,3881,в
3882,3882,щеголеватый
3883,3883,запасть
3884,3884,немой
3885,3885,петь
3886,3886,пожать
3887,3887,исток
3888,3888,пламень
3889,3889,увязать
3890,3890,собкор
3891,3891,бодро
3892,3892,радищев
3893,3893,обделить
3894,3894,нудный
3895,3895,пытаться
3896,3896,растея
3897,3897,метод
3898,3898,мешок
3899,3899,подарить
3900,3900,возмутиться
3901,3901,третий
3902,3902,разношёрстный
3903,3903,сдать
3904,3904,неделя
3905,3905,ломиться
3906,3906,держаться
3907,3907,форт
3908,3908,сундук
3909,3909,бл
3910,3910,хвостик
3911,3911,гуд
3912,3912,водитель
3913,3913,сион
3914,3914,зона
3915,3915,заменить
3916,3916,славянка
3917,3917,тундра
3918,3918,снимка
3919,3919,буратин
3920,3920,называть
3921,3921,оптимист
3922,3922,сначала
3923,3923,потенциальный
3924,3924,автотранспорт
3925,3925,отстой
3926,3926,пихать
3927,3927,бегемот
3928,3928,ибрагим
3929,3929,вмучить
3930,3930,мальчишка
3931,3931,пугливый
3932,3932,студёный
3933,3933,добавлять
3934,3934,cared
3935,3935,приходить
3936,3936,сыр
3937,3937,проект
3938,3938,кореш
3939,3939,сидиш
3940,3940,стонать
3941,3941,вал
3942,3942,сдаваться
3943,3943,birds
3944,3944,прямо
3945,3945,привоз
3946,3946,фрукт
3947,3947,тупо
3948,3948,цой
3949,3949,достигнуть
3950,3950,попадать
3951,3951,тетеря
3952,3952,являться
3953,3953,сумрак
3954,3954,чукча
3955,3955,слоган
3956,3956,шляпа
3957,3957,скандал
3958,3958,дедушка
3959,3959,приобрести
3960,3960,второ
3961,3961,бац
3962,3962,спектакль
3963,3963,продуть
3964,3964,цветной
3965,3965,щёлка
3966,3966,холст
3967,3967,пон
3968,3968,почуять
3969,3969,гнать
3970,3970,доуэлянт
3971,3971,изз
3972,3972,сотый
3973,3973,сейидти
3974,3974,намедни
3975,3975,евросоюз
3976,3976,комментит
3977,3977,смутить
3978,3978,сигать
3979,3979,вайбер
3980,3980,путь
3981,3981,грибник
3982,3982,три
3983,3983,эвглена
3984,3984,пришелец
3985,3985,ша
3986,3986,сироп
3987,3987,гря
3988,3988,пять
3989,3989,аналитический
3990,3990,церковный
3991,3991,наю
3992,3992,деревянный
3993,3993,твердь
3994,3994,труд
3995,3995,бейсингер
3996,3996,тенистый
3997,3997,подобрать
3998,3998,перёд
3999,3999,сжечь
4000,4000,фер
4001,4001,потому
4002,4002,аристарх
4003,4003,модный
4004,4004,последний
4005,4005,начертить
4006,4006,прохожий
4007,4007,ты
4008,4008,прич
4009,4009,вышка
4010,4010,упорно
4011,4011,никак
4012,4012,фамилия
4013,4013,напах
4014,4014,м
4015,4015,знак
4016,4016,фасоль
4017,4017,погибель
4018,4018,неверный
4019,4019,наса
4020,4020,хлопать
4021,4021,содрать
4022,4022,столяр
4023,4023,собирать
4024,4024,семья
4025,4025,шют
4026,4026,смочь
4027,4027,переплёт
4028,4028,сунуться
4029,4029,мясо
4030,4030,обязываться
4031,4031,любитель
4032,4032,обнажённый
4033,4033,строка
4034,4034,калить
4035,4035,подмигивать
4036,4036,холодильник
4037,4037,лаваш
4038,4038,неодинаковый
4039,4039,кленовый
4040,4040,прокурор
4041,4041,являть
4042,4042,заправка
4043,4043,раскинуться
4044,4044,список
4045,4045,слева
4046,4046,стульчик
4047,4047,вашингтон
4048,4048,пиноккьть
4049,4049,акын
4050,4050,ничо
4051,4051,цурюк
4052,4052,нии
4053,4053,елисей
4054,4054,хьй
4055,4055,год
4056,4056,шевалья
4057,4057,ь
4058,4058,соревнование
4059,4059,котлета
4060,4060,слушать
4061,4061,кокакола
4062,4062,банный
4063,4063,з
4064,4064,табла
4065,4065,дакар
4066,4066,тем
4067,4067,уголь
4068,4068,образовать
4069,4069,забава
4070,4070,беременный
4071,4071,мила
4072,4072,судостроение
4073,4073,бескомпромиссный
4074,4074,ронять
4075,4075,пионер
4076,4076,толщит
4077,4077,пруднит
4078,4078,разрешать
4079,4079,ружьё
4080,4080,сложить
4081,4081,сашенька
4082,4082,раскудрявый
4083,4083,внимать
4084,4084,ремень
4085,4085,очередной
4086,4086,маскарпон
4087,4087,водица
4088,4088,вассерман
4089,4089,нормальный
4090,4090,кант
4091,4091,карта
4092,4092,просто
4093,4093,реакция
4094,4094,пожилой
4095,4095,оккультизм
4096,4096,ротень
4097,4097,спина
4098,4098,настать
4099,4099,свёкла
4100,4100,студенческий
4101,4101,гибралтар
4102,4102,лживый
4103,4103,полип
4104,4104,равнодушный
4105,4105,купат
4106,4106,оксана
4107,4107,заходить
4108,4108,соль
4109,4109,налечь
4110,4110,припоздниться
4111,4111,размер
4112,4112,angry
4113,4113,ман
4114,4114,парад
4115,4115,дымить
4116,4116,спасти
4117,4117,скорость
4118,4118,мулен
4119,4119,пчела
4120,4120,рассветный
4121,4121,шыфровка
4122,4122,жог
4123,4123,засомневаться
4124,4124,застесняться
4125,4125,ролевый
4126,4126,лента
4127,4127,невал
4128,4128,есmb
4129,4129,скрипка
4130,4130,серов
4131,4131,участковый
4132,4132,антонин
4133,4133,исцарапать
4134,4134,странный
4135,4135,разочаровать
4136,4136,незатейливый
4137,4137,вермонт
4138,4138,зуав
4139,4139,танцовщицын
4140,4140,вперёд
4141,4141,капкан
4142,4142,великий
4143,4143,чудодейственный
4144,4144,недоношенный
4145,4145,аллергик
4146,4146,пояс
4147,4147,ходить
4148,4148,иствуд
4149,4149,предварительный
4150,4150,дориза
4151,4151,утверждать
4152,4152,чайник
4153,4153,поделиться
4154,4154,жигули
4155,4155,ржуть
4156,4156,измазать
4157,4157,комильфо
4158,4158,основать
4159,4159,первый
4160,4160,шприцо
4161,4161,мелеть
4162,4162,рюкзак
4163,4163,негодность
4164,4164,больница
4165,4165,поскольку
4166,4166,снег
4167,4167,стучать
4168,4168,предлагать
4169,4169,прим
4170,4170,заявка
4171,4171,алиса
4172,4172,расшатать
4173,4173,почтить
4174,4174,озадачить
4175,4175,доблестный
4176,4176,чтить
4177,4177,ус
4178,4178,тетрадка
4179,4179,тверь
4180,4180,заведущий
4181,4181,пастушок
4182,4182,нтоведа
4183,4183,борцовский
4184,4184,приносить
4185,4185,укроп
4186,4186,кормчий
4187,4187,ныряние
4188,4188,ксю
4189,4189,отцепить
4190,4190,способ
4191,4191,отведать
4192,4192,тётя
4193,4193,руа
4194,4194,медсестричка
4195,4195,сенцов
4196,4196,полиграф
4197,4197,унизительный
4198,4198,вымучённо
4199,4199,египтянин
4200,4200,корн
4201,4201,костюмчик
4202,4202,следовать
4203,4203,всмотреться
4204,4204,вязать
4205,4205,ёрш
4206,4206,уничтожать
4207,4207,будильник
4208,4208,плащ
4209,4209,девчоно
4210,4210,василий
4211,4211,ютуба
4212,4212,напасть
4213,4213,конюх
4214,4214,сахар
4215,4215,л
4216,4216,внезапный
4217,4217,мужской
4218,4218,лишь
4219,4219,приэль
4220,4220,выносить
4221,4221,приставать
4222,4222,стаж
4223,4223,убрать
4224,4224,несколько
4225,4225,доложыть
4226,4226,бок
4227,4227,он
4228,4228,оруженосец
4229,4229,серп
4230,4230,вяло
4231,4231,конопатый
4232,4232,дождь
4233,4233,топор
4234,4234,вацап
4235,4235,лучь
4236,4236,рисковать
4237,4237,килограмм
4238,4238,файвоклок
4239,4239,веня
4240,4240,ввод
4241,4241,неотвратимый
4242,4242,царевна
4243,4243,","
4244,4244,заводить
4245,4245,кристалломорфный
4246,4246,спасаться
4247,4247,сиська
4248,4248,мир
4249,4249,завестись
4250,4250,узкий
4251,4251,наброс
4252,4252,бубубуба
4253,4253,новый
4254,4254,каркадэ
4255,4255,напутать
4256,4256,купаться
4257,4257,выявить
4258,4258,сумма
4259,4259,поехать
4260,4260,писать
4261,4261,сентиментальный
4262,4262,сель
4263,4263,деталь
4264,4264,порода
4265,4265,сатурн
4266,4266,экстремизм
4267,4267,ватсап
4268,4268,начало
4269,4269,простираться
4270,4270,пубертат
4271,4271,попутно
4272,4272,фойе
4273,4273,шевелиться
4274,4274,общий
4275,4275,худой
4276,4276,простой
4277,4277,любовный
4278,4278,нанюхаться
4279,4279,растягивать
4280,4280,расторгнуть
4281,4281,срочно
4282,4282,билетёр
4283,4283,попов
4284,4284,чем
4285,4285,лишиться
4286,4286,доля
4287,4287,константин
4288,4288,пугать
4289,4289,карабогазгол
4290,4290,цикл
4291,4291,черепаха
4292,4292,подъезд
4293,4293,закрыть
4294,4294,понять
4295,4295,обрыв
4296,4296,форум
4297,4297,гряда
4298,4298,павлович
4299,4299,прослезиться
4300,4300,зи
4301,4301,вытянуть
4302,4302,аж
4303,4303,походка
4304,4304,жиза
4305,4305,отрада
4306,4306,занемочь
4307,4307,косвенно
4308,4308,упасть
4309,4309,вели
4310,4310,портман
4311,4311,бескрайний
4312,4312,шотакова
4313,4313,бетон
4314,4314,копна
4315,4315,бесить
4316,4316,ветхозаветный
4317,4317,веслонос
4318,4318,компас
4319,4319,воздеть
4320,4320,ездить
4321,4321,никогда
4322,4322,спитак
4323,4323,бриткома
4324,4324,резюме
4325,4325,между
4326,4326,каротин
4327,4327,румынский
4328,4328,подсесть
4329,4329,мазок
4330,4330,астероид
4331,4331,средство
4332,4332,иза
4333,4333,нарколог
4334,4334,мода
4335,4335,захватывать
4336,4336,чеснок
4337,4337,беда
4338,4338,лежать
4339,4339,высадиться
4340,4340,чудачка
4341,4341,поесть
4342,4342,гарсон
4343,4343,шкаф
4344,4344,промолвить
4345,4345,окружающий
4346,4346,попрежний
4347,4347,занять
4348,4348,показать
4349,4349,колумбарий
4350,4350,обой
4351,4351,невозможно
4352,4352,досвидос
4353,4353,глаз
4354,4354,тянуть
4355,4355,долбаный
4356,4356,отсель
4357,4357,вмерла
4358,4358,сант
4359,4359,кисломолочный
4360,4360,брут
4361,4361,приложить
4362,4362,копейка
4363,4363,уже
4364,4364,прикольно
4365,4365,разжигать
4366,4366,кровавый
4367,4367,маршброском
4368,4368,жалобно
4369,4369,класс
4370,4370,стена
4371,4371,любить
4372,4372,дивный
4373,4373,болтать
4374,4374,увеличительный
4375,4375,живить
4376,4376,тонюсенький
4377,4377,чт
4378,4378,великолепный
4379,4379,день
4380,4380,вбежать
4381,4381,рай
4382,4382,усадьба
4383,4383,ждана
4384,4384,превышать
4385,4385,зарывать
4386,4386,беллиссим
4387,4387,артемида
4388,4388,доставка
4389,4389,попробовать
4390,4390,располный
4391,4391,уотсон
4392,4392,резко
4393,4393,перепутать
4394,4394,меч
4395,4395,пересрало
4396,4396,медсправка
4397,4397,португалец
4398,4398,ломоносов
4399,4399,брошюра
4400,4400,пику
4401,4401,будто
4402,4402,ранний
4403,4403,земной
4404,4404,нету
4405,4405,шир0kuть
4406,4406,бэ
4407,4407,выловить
4408,4408,артист
4409,4409,вторник
4410,4410,высунуться
4411,4411,зая
4412,4412,изысканный
4413,4413,ет
4414,4414,бейонс
4415,4415,отдельный
4416,4416,рожа
4417,4417,багрец
4418,4418,франциск
4419,4419,обычно
4420,4420,брик
4421,4421,сатана
4422,4422,пятнадцать
4423,4423,фри
4424,4424,заработать
4425,4425,гангстарэпить
4426,4426,раздетый
4427,4427,подсобка
4428,4428,банк
4429,4429,применение
4430,4430,столичный
4431,4431,утопиться
4432,4432,синичка
4433,4433,помятый
4434,4434,ио
4435,4435,джигурд
4436,4436,тут
4437,4437,прежде
4438,4438,белый
4439,4439,пандемия
4440,4440,ямб
4441,4441,попереться
4442,4442,женщина
4443,4443,предполагать
4444,4444,хер
4445,4445,традиция
4446,4446,карусель
4447,4447,трё
4448,4448,сансар
4449,4449,убечь
4450,4450,заморачиваться
4451,4451,вначале
4452,4452,бросаться
4453,4453,криптопослание
4454,4454,ветвь
4455,4455,лежачий
4456,4456,тат
4457,4457,стабильно
4458,4458,глянуть
4459,4459,главред
4460,4460,искать
4461,4461,степан
4462,4462,левый
4463,4463,онеметь
4464,4464,роща
4465,4465,бесконечно
4466,4466,каждый
4467,4467,несовместимость
4468,4468,пастух
4469,4469,вещь
4470,4470,ип
4471,4471,прощать
4472,4472,вусмерть
4473,4473,посадить
4474,4474,бабулька
4475,4475,тоннель
4476,4476,туфля
4477,4477,дожидаться
4478,4478,причалить
4479,4479,костровицкий
4480,4480,уд
4481,4481,татарский
4482,4482,дохромать
4483,4483,настороженно
4484,4484,вносить
4485,4485,гюго
4486,4486,туннель
4487,4487,отдыхать
4488,4488,таять
4489,4489,срабо
4490,4490,стричь
4491,4491,рад
4492,4492,делать
4493,4493,суворов
4494,4494,допить
4495,4495,пристань
4496,4496,батон
4497,4497,звучать
4498,4498,изобретатель
4499,4499,дочь
4500,4500,дный
4501,4501,борьба
4502,4502,расположиться
4503,4503,ми
4504,4504,папа
4505,4505,сет
4506,4506,собираться
4507,4507,диктовать
4508,4508,место
4509,4509,диджей
4510,4510,изголодаться
4511,4511,сын
4512,4512,янки
4513,4513,непунктуальный
4514,4514,пифагор
4515,4515,заяц
4516,4516,пальнуть
4517,4517,вид
4518,4518,лето
4519,4519,шпионаж
4520,4520,сухой
4521,4521,отец
4522,4522,курчавый
4523,4523,пьеса
4524,4524,лован
4525,4525,постоянно
4526,4526,закурить
4527,4527,оборот
4528,4528,оголтелый
4529,4529,бюджет
4530,4530,заметно
4531,4531,литва
4532,4532,выселяться
4533,4533,па
4534,4534,морщина
4535,4535,миг
4536,4536,гарри
4537,4537,кринж
4538,4538,гну
4539,4539,биби
4540,4540,дега
4541,4541,селёдка
4542,4542,попустительство
4543,4543,неконтролируемый
4544,4544,шапит
4545,4545,честь
4546,4546,частый
4547,4547,рык
4548,4548,излом
4549,4549,авад
4550,4550,чудный
4551,4551,панда
4552,4552,бежать
4553,4553,группенфюрер
4554,4554,благодать
4555,4555,запивать
4556,4556,взять
4557,4557,пеленгаснуть
4558,4558,сложиться
4559,4559,каганат
4560,4560,балкон
4561,4561,объятие
4562,4562,гран
4563,4563,посоветовать
4564,4564,пара
4565,4565,против
4566,4566,хотелок
4567,4567,контора
4568,4568,поза
4569,4569,эстремадур
4570,4570,гастроль
4571,4571,алевтин
4572,4572,свинина
4573,4573,пожалуй
4574,4574,пот
4575,4575,кривой
4576,4576,стрела
4577,4577,личный
4578,4578,сэнсэя
4579,4579,ноль
4580,4580,нарост
4581,4581,ещё
4582,4582,оля
4583,4583,ворваться
4584,4584,тверской
4585,4585,атлет
4586,4586,шлюха
4587,4587,избушка
4588,4588,профсоюз
4589,4589,попотчевать
4590,4590,массон
4591,4591,оренбург
4592,4592,здравствуй
4593,4593,должон
4594,4594,снок
4595,4595,змея
4596,4596,замечать
4597,4597,печальный
4598,4598,ползать
4599,4599,решето
4600,4600,тефтели
4601,4601,тим
4602,4602,метеобюро
4603,4603,июнь
4604,4604,клин
4605,4605,аманда
4606,4606,этакий
4607,4607,переехать
4608,4608,тычуть
4609,4609,ужо
4610,4610,тосковать
4611,4611,ныть
4612,4612,передёрнуть
4613,4613,запруда
4614,4614,унять
4615,4615,пёс
4616,4616,оторфянелый
4617,4617,эволюция
4618,4618,бобёр
4619,4619,юнеско
4620,4620,размах
4621,4621,айда
4622,4622,распространяться
4623,4623,двухкомната
4624,4624,погрузка
4625,4625,агония
4626,4626,выходить
4627,4627,каравай
4628,4628,какимтый
4629,4629,любоваться
4630,4630,происходить
4631,4631,расцвести
4632,4632,десять
4633,4633,несчастный
4634,4634,без
4635,4635,палермо
4636,4636,греметь
4637,4637,уехать
4638,4638,мулюковый
4639,4639,вещество
4640,4640,жечь
4641,4641,кебаб
4642,4642,ки
4643,4643,чуть
4644,4644,довыеб
4645,4645,свирёпствовать
4646,4646,помочь
4647,4647,кнут
4648,4648,стенка
4649,4649,сторона
4650,4650,бас
4651,4651,дважды
4652,4652,тыс
4653,4653,кто
4654,4654,тёзка
4655,4655,спешка
4656,4656,бюргермагдебюрнерштрасса
4657,4657,этап
4658,4658,коллектив
4659,4659,забуевский
4660,4660,дзивилы
4661,4661,жлоб
4662,4662,подрабатывать
4663,4663,яблоня
4664,4664,российский
4665,4665,останки
4666,4666,ад
4667,4667,всё
4668,4668,окрылить
4669,4669,тягостный
4670,4670,малограмотный
4671,4671,таксидермия
4672,4672,восемнадцать
4673,4673,высь
4674,4674,звук
4675,4675,незадача
4676,4676,след
4677,4677,война
4678,4678,мре
4679,4679,2
4680,4680,ложиться
4681,4681,перекреститься
4682,4682,вать
4683,4683,пшикать
4684,4684,амбар
4685,4685,дрыхнуть
4686,4686,комар
4687,4687,ветер
4688,4688,никарагуа
4689,4689,польза
4690,4690,пер
4691,4691,эрик
4692,4692,лапоть
4693,4693,многократный
4694,4694,передозировка
4695,4695,метро
4696,4696,сброд
4697,4697,всенеремённый
4698,4698,дюймовочка
4699,4699,дом
4700,4700,сквозь
4701,4701,воин
4702,4702,гусар
4703,4703,бишон
4704,4704,ввязаться
4705,4705,ибо
4706,4706,поверить
4707,4707,сильный
4708,4708,нуль
4709,4709,вычерпать
4710,4710,зимовать
4711,4711,моментально
4712,4712,отойти
4713,4713,прима
4714,4714,по-французски
4715,4715,селфея
4716,4716,гостиничный
4717,4717,стемнеть
4718,4718,отправиться
4719,4719,дзержинский
4720,4720,сойтись
4721,4721,дэвид
4722,4722,выстроиться
4723,4723,грех
4724,4724,льнуть
4725,4725,детство
4726,4726,чайхана
4727,4727,ввести
4728,4728,личка
4729,4729,уничтожить
4730,4730,ким
4731,4731,галя
4732,4732,олимпийский
4733,4733,портос
4734,4734,нестерпимый
4735,4735,вbl6ор
4736,4736,пошлый
4737,4737,вскричать
4738,4738,щица
4739,4739,броневик
4740,4740,роль
4741,4741,куба
4742,4742,читать
4743,4743,бигмак
4744,4744,прям
4745,4745,юдом
4746,4746,кисель
4747,4747,ганеш
4748,4748,взошол
4749,4749,полбанки
4750,4750,дюжина
4751,4751,оливка
4752,4752,шестой
4753,4753,руководить
4754,4754,крест
4755,4755,давно
4756,4756,красный
4757,4757,поминки
4758,4758,благополучно
4759,4759,бибирево
4760,4760,устарый
4761,4761,скула
4762,4762,брюссель
4763,4763,ощупывать
4764,4764,сплин
4765,4765,сплошной
4766,4766,согласный
4767,4767,свинья
4768,4768,вкопать
4769,4769,стреножить
4770,4770,мёд
4771,4771,язвительный
4772,4772,взрослый
4773,4773,поставщик
4774,4774,ёж
4775,4775,выстрел
4776,4776,сти
4777,4777,удав
4778,4778,лось
4779,4779,булькать
4780,4780,шесть
4781,4781,магритта
4782,4782,лука
4783,4783,обидно
4784,4784,привязать
4785,4785,искусно
4786,4786,чувство
4787,4787,понизить
4788,4788,обход
4789,4789,поэт
4790,4790,постоять
4791,4791,безобидный
4792,4792,аэро
4793,4793,бороться
4794,4794,нежность
4795,4795,допустить
4796,4796,уралсиб
4797,4797,уговорить
4798,4798,похвастаться
4799,4799,немерено
4800,4800,давёр
4801,4801,батут
4802,4802,практиковать
4803,4803,таков
4804,4804,фикус
4805,4805,чувак
4806,4806,ушол
4807,4807,начинать
4808,4808,видимо
4809,4809,накатывать
4810,4810,дружина
4811,4811,царьгород
4812,4812,изредка
4813,4813,кашпо
4814,4814,натс
4815,4815,заниматься
4816,4816,доносить
4817,4817,удивиться
4818,4818,мерла
4819,4819,реторта
4820,4820,нарезать
4821,4821,дамбылдор
4822,4822,ледокол
4823,4823,биодобавка
4824,4824,разорить
4825,4825,каляк
4826,4826,крупный
4827,4827,водоём
4828,4828,кража
4829,4829,гольф
4830,4830,огрызок
4831,4831,мурманский
4832,4832,жених
4833,4833,ругательство
4834,4834,поколоколотить
4835,4835,рак
4836,4836,тягчеть
4837,4837,перила
4838,4838,револьвер
4839,4839,сантаклаус
4840,4840,невыносимый
4841,4841,захлопать
4842,4842,похлопать
4843,4843,цикада
4844,4844,мотив
4845,4845,невозрастной
4846,4846,сказать
4847,4847,чичиков
4848,4848,афанасий
4849,4849,друзить
4850,4850,возвратный
4851,4851,приподнимать
4852,4852,работать
4853,4853,злой
4854,4854,каре
4855,4855,битком
4856,4856,нелепый
4857,4857,нежно
4858,4858,масштаб
4859,4859,тюбик
4860,4860,пробиваться
4861,4861,нарисовать
4862,4862,целое
4863,4863,откашляться
4864,4864,виктор
4865,4865,исполнять
4866,4866,предложить
4867,4867,майор
4868,4868,стекло
4869,4869,отставать
4870,4870,персиянка
4871,4871,жаль
4872,4872,таисьть
4873,4873,1
4874,4874,пылкость
4875,4875,ограбить
4876,4876,унести
4877,4877,убегать
4878,4878,налево
4879,4879,-
4880,4880,засветиться
4881,4881,предъявлять
4882,4882,воланд
4883,4883,ануша
4884,4884,слоить
4885,4885,нести
4886,4886,завыть
4887,4887,наука
4888,4888,джек
4889,4889,мессия
4890,4890,енот
4891,4891,донский
4892,4892,тесный
4893,4893,обоещёкий
4894,4894,пьеро
4895,4895,мой
4896,4896,запыхаться
4897,4897,строго
4898,4898,пространство
4899,4899,генерал
4900,4900,зачать
4901,4901,особь
4902,4902,забывать
4903,4903,обезболивать
4904,4904,сей
4905,4905,иван
4906,4906,инструмент
4907,4907,кумир
4908,4908,покрывало
4909,4909,сделать
4910,4910,шутка
4911,4911,ковровый
4912,4912,гарем
4913,4913,весенний
4914,4914,персона
4915,4915,кальман
4916,4916,фила
4917,4917,сомелье
4918,4918,говорить
4919,4919,библиотека
4920,4920,пресли
4921,4921,фифтисент
4922,4922,крестьянка
4923,4923,цена
4924,4924,*
4925,4925,распространить
4926,4926,алсу
4927,4927,область
4928,4928,крот
4929,4929,штудировать
4930,4930,заметить
4931,4931,грэй
4932,4932,четырёхмерный
4933,4933,передать
4934,4934,горячо
4935,4935,нога
4936,4936,ужин
4937,4937,разок
4938,4938,сердобольный
4939,4939,эбдо
4940,4940,селение
4941,4941,баобаб
4942,4942,накинуть
4943,4943,ключ
4944,4944,титан
4945,4945,домой
4946,4946,сруб
4947,4947,севок
4948,4948,вокабуляр
4949,4949,хны
4950,4950,сыграть
4951,4951,сулить
4952,4952,хламин
4953,4953,шарик
4954,4954,увозить
4955,4955,халфлайфк
4956,4956,кремль
4957,4957,полынья
4958,4958,вынос
4959,4959,дорога
4960,4960,железный
4961,4961,спасиб
4962,4962,долгий
4963,4963,родион
4964,4964,советник
4965,4965,отстаивать
4966,4966,люся
4967,4967,заключить
4968,4968,лесничий
4969,4969,ной
4970,4970,патронаж
4971,4971,обычный
4972,4972,зазвенеть
4973,4973,смолл
4974,4974,вечно
4975,4975,осман
4976,4976,дрессировщик
4977,4977,я
4978,4978,результат
4979,4979,табуретка
4980,4980,угостить
4981,4981,печатать
4982,4982,фонарь
4983,4983,подгрести
4984,4984,таки
4985,4985,выставка
4986,4986,угодье
4987,4987,боюс
4988,4988,зара
4989,4989,касса
4990,4990,алло
4991,4991,ледоколь
4992,4992,касп
4993,4993,жратва
4994,4994,поровну
4995,4995,растительный
4996,4996,борменталь
4997,4997,талан
4998,4998,пустить
4999,4999,навоз
5000,5000,идиот
5001,5001,представлять
5002,5002,гребить
5003,5003,мориарти
5004,5004,поднапрячься
5005,5005,инна
5006,5006,просьба
5007,5007,вдали
5008,5008,встреча
5009,5009,план
5010,5010,крепки
5011,5011,видеть
5012,5012,продуктовый
5013,5013,разбавить
5014,5014,ослепнуть
5015,5015,ванная
5016,5016,дубина
5017,5017,уверенный
5018,5018,ничего
5019,5019,газель
5020,5020,стюард
5021,5021,голова
5022,5022,поп-ад
5023,5023,охотник
5024,5024,гореть
5025,5025,доктор
5026,5026,ботанический
5027,5027,скрыться
5028,5028,гуля
5029,5029,золото
5030,5030,ухмыляться
5031,5031,шифт
5032,5032,нева
5033,5033,дескать
5034,5034,использовать
5035,5035,типография
5036,5036,нерв
5037,5037,ракушка
5038,5038,это
5039,5039,похудение
5040,5040,ницца
5041,5041,р
5042,5042,леденить
5043,5043,несовершеннолетний
5044,5044,квино
5045,5045,профессор
5046,5046,торговец
5047,5047,всенародный
5048,5048,красящий
5049,5049,изольда
5050,5050,парикмахер
5051,5051,полифем
5052,5052,подташ
5053,5053,шестнадцать
5054,5054,настаивать
5055,5055,пенсия
5056,5056,ви
5057,5057,аполлинарий
5058,5058,министыр
5059,5059,дуров
5060,5060,лабутен
5061,5061,нож
5062,5062,одеколон
5063,5063,вок
5064,5064,печаль
5065,5065,родить
5066,5066,свежеть
5067,5067,нос
5068,5068,гараж
5069,5069,ж
5070,5070,понятие
5071,5071,пётыр
5072,5072,прошлый
5073,5073,тренер
5074,5074,рыцарский
5075,5075,конёк
5076,5076,торг
5077,5077,пьяный
5078,5078,поправлять
5079,5079,песницой
5080,5080,добываться
5081,5081,малыш
5082,5082,павел
5083,5083,велита
5084,5084,калькулятор
5085,5085,возможность
5086,5086,селфишный
5087,5087,дык
5088,5088,чужой
5089,5089,бушевать
5090,5090,превратиться
5091,5091,антарктида
5092,5092,термин
5093,5093,пропан
5094,5094,ручеёк
5095,5095,вырасти
5096,5096,чорт
5097,5097,суббота
5098,5098,евстахиёвый
5099,5099,она
5100,5100,родный
5101,5101,отдать
5102,5102,раз
5103,5103,клуб
5104,5104,зож
5105,5105,близорукий
5106,5106,вынуть
5107,5107,йог
5108,5108,блюжа
5109,5109,суперклей
5110,5110,ка
5111,5111,печенег
5112,5112,чебоксары
5113,5113,ала
5114,5114,заработок
5115,5115,вкопат
5116,5116,яйцо
5117,5117,маломучий
5118,5118,дафния
5119,5119,издание
5120,5120,вполголоса
5121,5121,раскольник
5122,5122,поучать
5123,5123,левша
5124,5124,счастливо
5125,5125,брякнуть
5126,5126,скреп
5127,5127,торчать
5128,5128,критянин
5129,5129,брюки
5130,5130,вино
5131,5131,элен
5132,5132,холод
5133,5133,влом
5134,5134,открыться
5135,5135,кличка
5136,5136,рабле
5137,5137,доярка
5138,5138,решение
5139,5139,георг
5140,5140,родиться
5141,5141,северный
5142,5142,несовместимый
5143,5143,затевать
5144,5144,стоп
5145,5145,внезапно
5146,5146,водоплавающий
5147,5147,лоно
5148,5148,умъём
5149,5149,волноваться
5150,5150,ватсон
5151,5151,гримуборный
5152,5152,витязь
5153,5153,синтетический
5154,5154,судить
5155,5155,лягаться
5156,5156,унылый
5157,5157,жуть
5158,5158,ага
5159,5159,приправить
5160,5160,представить
5161,5161,суповой
5162,5162,оклем
5163,5163,никто
5164,5164,кусать
5165,5165,махать
5166,5166,перец
5167,5167,порог
5168,5168,голый
5169,5169,а.попов
5170,5170,ниибить
5171,5171,сыпь
5172,5172,бетховен
5173,5173,незаменимый
5174,5174,похорошеть
5175,5175,съесть
5176,5176,рожон
5177,5177,потерять
5178,5178,галифе
5179,5179,трон
5180,5180,уклончиво
5181,5181,горестный
5182,5182,пелерина
5183,5183,голубушка
5184,5184,бродить
5185,5185,подкова
5186,5186,барталамьё
5187,5187,стихотворение
5188,5188,налегать
5189,5189,никита
5190,5190,засол
5191,5191,дворянский
5192,5192,просунуться
5193,5193,апной
5194,5194,рампа
5195,5195,ух
5196,5196,дудло
5197,5197,персия
5198,5198,хтонический
5199,5199,затылок
5200,5200,бабник
5201,5201,театыр
5202,5202,элементарно
5203,5203,кебабный
5204,5204,больно
5205,5205,рассказать
5206,5206,рядом
5207,5207,краска
5208,5208,тяк
5209,5209,карга
5210,5210,сома
5211,5211,церковь
5212,5212,морковка
5213,5213,сослуживец
5214,5214,лес
5215,5215,неосмотрительно
5216,5216,вытягивать
5217,5217,стол
5218,5218,выехать
5219,5219,сушеф
5220,5220,протестовать
5221,5221,бесцельно
5222,5222,венок
5223,5223,царство
5224,5224,мазь
5225,5225,обнаружить
5226,5226,трава
5227,5227,рассвет
5228,5228,побелить
5229,5229,видеться
5230,5230,тихо
5231,5231,литовский
5232,5232,физрук
5233,5233,свист
5234,5234,желудок
5235,5235,ас
5236,5236,брызги
5237,5237,международник
5238,5238,черта
5239,5239,слопать
5240,5240,кусочек
5241,5241,трос
5242,5242,куст
5243,5243,заурядный
5244,5244,инопланетный
5245,5245,имя
5246,5246,смотреть
5247,5247,надевать
5248,5248,академик
5249,5249,доска
5250,5250,мерещиться
5251,5251,поднять
5252,5252,газ
5253,5253,цеце
5254,5254,тюз
5255,5255,чайный
5256,5256,кора
5257,5257,попозировать
5258,5258,допилить
5259,5259,билет
5260,5260,дед
5261,5261,народ
5262,5262,милый
5263,5263,отсечь
5264,5264,выкинуть
5265,5265,фуагра
5266,5266,вакула
5267,5267,люли
5268,5268,ляж
5269,5269,ничь
5270,5270,часть
5271,5271,примета
5272,5272,ивлом
5273,5273,звезда
5274,5274,четвёртый
5275,5275,улыбнуться
5276,5276,тамбов
5277,5277,эй
5278,5278,гонять
5279,5279,коллега
5280,5280,прийти
5281,5281,поселиться
5282,5282,звон
5283,5283,школа
5284,5284,навстречу
5285,5285,боевой
5286,5286,май
5287,5287,ночью
5288,5288,саван
5289,5289,както
5290,5290,ноктюрн
5291,5291,окрепнуть
5292,5292,запрятать
5293,5293,штат
5294,5294,подбирать
5295,5295,кинуть
5296,5296,разногласие
5297,5297,хуй
5298,5298,припереться
5299,5299,стадо
5300,5300,несложно
5301,5301,фрай
5302,5302,интеллигент
5303,5303,уголочек
5304,5304,подводный
5305,5305,конспектировать
5306,5306,шестерня
5307,5307,дрель
5308,5308,вскрыть
5309,5309,живот
5310,5310,денежка
5311,5311,полинезийский
5312,5312,свадьба
5313,5313,обменяться
5314,5314,невестка
5315,5315,чтобы
5316,5316,поклониться
5317,5317,больший
5318,5318,лифт
5319,5319,кровь
5320,5320,над
5321,5321,некуда
5322,5322,зухра
5323,5323,блэк
5324,5324,зато
5325,5325,грудь
5326,5326,нектар
5327,5327,выкрасть
5328,5328,казак
5329,5329,пройти
5330,5330,жесть
5331,5331,челюсть
5332,5332,батюшка
5333,5333,гусёк
5334,5334,ровно
5335,5335,шоссе
5336,5336,пусто
5337,5337,необходимо
5338,5338,согреться
5339,5339,бритый
5340,5340,накапл
5341,5341,фидно
5342,5342,обойтись
5343,5343,дарвин
5344,5344,трое
5345,5345,секс
5346,5346,типаж
5347,5347,вникнуть
5348,5348,выделять
5349,5349,недо
5350,5350,географичка
5351,5351,кошка
5352,5352,подливать
5353,5353,душа
5354,5354,чащоба
5355,5355,замучить
5356,5356,этруск
5357,5357,одниться
5358,5358,фарид
5359,5359,плуг
5360,5360,товаря
5361,5361,ранить
5362,5362,приползти
5363,5363,чой
5364,5364,особенно
5365,5365,ясность
5366,5366,нельзя
5367,5367,олегов
5368,5368,каша
5369,5369,оборачиваться
5370,5370,грустить
5371,5371,танцевать
5372,5372,создать
5373,5373,просперо
5374,5374,бородач
5375,5375,сущий
5376,5376,пост
5377,5377,девять
5378,5378,yeah
5379,5379,гектар
5380,5380,царевич
5381,5381,киха
5382,5382,саж
5383,5383,бюст
5384,5384,поправка
5385,5385,гудеть
5386,5386,скромный
5387,5387,галлардо́
5388,5388,через
5389,5389,лоб
5390,5390,собчак
5391,5391,гий
5392,5392,полянка
5393,5393,ягодица
5394,5394,друг
5395,5395,плац
5396,5396,детсад
5397,5397,хант
5398,5398,укор
5399,5399,отнести
5400,5400,чудо
5401,5401,территория
5402,5402,спица
5403,5403,александроневский
5404,5404,раздеваться
5405,5405,выключатель
5406,5406,пинок
5407,5407,царственный
5408,5408,нынешний
5409,5409,шмель
5410,5410,включиться
5411,5411,адам
5412,5412,?
5413,5413,истратить
5414,5414,слон
5415,5415,тайна
5416,5416,чудной
5417,5417,спирт
5418,5418,самолёт
5419,5419,разводиться
5420,5420,полдень
5421,5421,задний
5422,5422,не
5423,5423,раскупить
5424,5424,светлый
5425,5425,схема
5426,5426,миска
5427,5427,провести
5428,5428,только
5429,5429,непереносимый
5430,5430,животное
5431,5431,рифмоплёт
5432,5432,привыкнуть
5433,5433,невезучий
5434,5434,полгода
